Topic,Count,Name,CustomName,Representation,Zephyr,Representative_Docs
-1,861793,-1_the_and_to_in,Outlier Topic,"['the', 'and', 'to', 'in', 'of', 'de', 'for', 'la', 'development', 'support']","['\nWater & Health Dev Proj: Edu, Wash, Livelihoods, Crisis Response', '', '', '', '', '', '', '', '', '']","[""syria crisis - multi-year and multi-sectoral program in syria - 2017-2019/crise en syrie - assistance en syrie - 2017-2019 syria crisis - multi-year and multi-sectoral program in syria - 2017-2019/crise en syrie - assistance en syrie - 2017-2019 december 2016 – the humanitarian situation in syria continues to deteriorate as a result of the civil war in the country. an estimated 13.5 million people continue to be in need of humanitarian assistance, 6.1 million of which are displaced internally by violence and 975,080 located in besieged communities according to the united nations. repeated and deliberate attacks on humanitarian and medical workers continue to plague the conflict, adding to the vulnerability of millions of people, particularly women and children, who are affected by the conflict and struggle for access to the most basic services.with gac's support, this project aims to provide conflict-affected persons in syria with water, sanitation and hygiene (wash), protection, education and livelihood services. project activities include: (1) providing safe drinking water, (2) providing support and training for community emergency response teams and delivering psychosocial services, (3) rehabilitation and support of primary schools and early learning centers, and (4) provision of cash assistance to vulnerable households./décembre 2016 – la situation humanitaire en syrie continue de se dégrader en raison de la guerre civile. on estime à 13,5 millions le nombre de personnes qui continuent d'avoir besoin d'une aide humanitaire, dont 6,1 millions sont des personnes déplacées en raison de la violence qui a cours et 975 080 se trouvent dans des collectivités assiégées, selon les nations unies. des attaques délibérées et répétées contre les travailleurs médicaux et humanitaires continuent de marquer le conflit et accentuent la vulnérabilité de la situation de millions de personnes, en particulier des femmes et des enfants, qui sont touchées par le conflit et qui ont peine à accéder aux services les plus essentiels.avec le soutien de amc, le projet vise à venir en aide aux personnes touchées par le conflit en syrie à l'égard d'aspects comme l'approvisionnement en eau, les services d'assainissement et d'hygiène, de même que la protection, l'éducation et les services axés sur les moyens de subsistance. les activités menées dans le cadre du projet comprennent : (1) l'approvisionnement en eau potable, (2) le soutien et la formation des équipes communautaires d'intervention d'urgence et la prestation de services psychosociaux, (3) la remise en état et le soutien d'écoles primaires et de centres d'apprentissage pour les jeunes enfants, (4) l'octroi d'une aide monétaire aux ménages vulnérables."", ""mobilizing domestic revenues for inclusive poverty alleviation in ghana/mobiliser les revenus intérieurs pour la réduction inclusive de la pauvreté au ghana mobilizing domestic revenues for inclusive poverty alleviation in ghana/mobiliser les revenus intérieurs pour la réduction inclusive de la pauvreté a the project aims to champion inclusive and accountable governance, and to improve the participation of women in making decisions related to budget planning and allocation, and service delivery at the district and municipal government levels. the project supports the modernization of local property tax systems of 60 districts and municipal governments across ghana, helping them increase their revenue generation capacity so that they can invest in poverty reduction priorities which impact women and girls.project activities include: (1) providing training on budget planning, gender budgeting and gender equitable local services to improve local public financial management, (2) developing  standards for citizen participation, specifically of women, in budgeting and planning (such as public budget hearings), (3) technical assistance on how to engage and empower women, public education regarding the tax system, (4) providing training to civil society and women's organizations on gender budgeting and participatory planning, and (5) using information technologies and digital databases to assemble basic information required by a modern revenue system: property and business location mapping, property valuation and assessment, and socio-economic taxpayer data.the project is implemented by canada in collaboration with the german society for international cooperation (giz) and the united states agency for international development (usaid). / le projet vise à promouvoir la gouvernance inclusive et responsable et à améliorer la participation des femmes dans la prise de décisions liées à la planification budgétaire, à l'affectation du budget et à la prestation des services à l'échelle des districts et des municipalités. le projet appuie la modernisation des régimes locaux d'impôts fonciers de 60 districts et municipalités à l'échelle du ghana, ce qui aide ceux-ci à accroître leur capacité de production de recettes afin qu'ils puissent investir dans des priorités en matière de réduction de la pauvreté qui ont une incidence sur les femmes et les filles.les activités du projet comprennent : 1) fournir une formation sur la planification budgétaire, la budgétisation fondée sur le sexe et les services locaux équitables entre les sexes pour améliorer la gestion locale des finances publiques, 2) élaborer des normes pour la participation des citoyens, en particulier des femmes, à l'établissement du budget et à la planification (comme des audiences publiques sur le budget), 3) fournir une assistance technique pour la manière de nouer le dialogue avec les femmes et de renforcer leur pouvoir, et pour sensibiliser le public à l'égard du régime fiscal, 4) fournir de la formation à des organisations de la société civile et à des organisations de femmes sur la budgétisation fondée sur le sexe et la planification participative, 5) utiliser des technologies de l'information et des bases de données numériques pour réunir l'information de base requise par un système de recettes moderne : cartographie foncière et cartographie de l'emplacement des commerces, évaluation immobilière et données socioéconomiques sur les contribuables.le projet est mis en œuvre par le canada en collaboration avec l'agence allemande de coopération internationale (giz) et l'agence américaine pour le développement international (usaid)."", ""cafod - youth and women engagement towards democracy and peace in drc cafod - youth and women engagement towards democracy and peace in drc cafod has submitted a project proposal which aims to strengthen the participation of women and young people in decision-making positions in order to promote democracy and peacebuilding in dr congo. the work will be done at four levels:- the first will be at the individual level to allow young people and women to develop leadership to influence local and national decision-making bodies,- the second level will be work at the community level to sensitize communities to trust women and young people as agents of change for good governance and peacebuilding.- the third level of work will be to be able to make a permanent diagnosis on the state of parity and the positioning of women and young people in local, provincial and national institutions- the last level is that which is at the political level thus requires the analysis of certain discriminatory laws and thus influence certain changes through advocacy and lobbying.from this project, it is expected that the voices of women and young people will be well understood, that their specific needs must be taken into account for development and peace in the drc. this is the reason that the work will be done mainly by the platforms for youth as well as of women (rslf). drc was ranked 179 out of 189 countries in the 2019 gender development index, with violence against women and girls (vawg), particularly endemic in many conflict-affected areas, where more than 2 million women have been raped.the project will provide an evidence-based, transformational model of institutional support and capacity strengthening which will foster a rights-based and community-led approach that promotes women's and youth participation in civic and public decision-making processes at all levels and is conflict-sensitive, through joint collaboration and engagement and the promotion of peacebuilding. the project will further promote collaboration among multiple stakeholders, most notably civil society organizations and movements, wider community members, government representatives at all levels.specific objectives are :- targeted women's movements and youth organizations are empowered for effective participation and representation in decision-making and peacebuilding processes at all levels by 2023. - targeted women's movements and youth organizations have a better understanding of and evolving laws, identifying gaps and undertaking relevant advocacy, and participating in decision-making spaces at all levels.- women and youth in targeted communities have enhanced economic empowerment, through enhanced business development skills and participation in community-driven and environmentally friendly micro-enterprises.the project will support the 11 coordination points of the rien sans les femmes (rslf) movement in 8 provinces, constituting 300 organizations and 1 million women members, as well as 8 provincial youth platforms in 8 provinces, constituting 9,600 youth (1,200 per province).""]"
0,13531,0_human_rights_defenders_droits,Human Rights Defenders,"['human', 'rights', 'defenders', 'droits', 'homme', 'humanos', 'derechos', 'hr', 'humains', 'theme']","['\nHuman Rights Defenders', '', '', '', '', '', '', '', '', '']","['cpdh, human rights projec      cpdh cpdh, human rights projec      cpdh ', 'kopinor zibf human rights ', 'ursprungsfolksseminarium human rights ']"
1,13433,1_costs_administrative_frais_administratifs,Admin Costs ODA Expenses,"['costs', 'administrative', 'frais', 'administratifs', 'staff', 'expenses', 'oda', 'cost', 'salaries', 'administrativos']","['\nAdmin Costs ODA Expenses', '', '', '', '', '', '', '', '', '']","['custos administrativos - ctt administrative costs ', 'npo - kongo   runnig costs administrative costs ', 'adminstrative costs administrative costs ']"
2,11013,2_forest_forestry_forests_deforestation,"Forest Sustainability: Tropical, Sustainable Management, Deforestation, REDD+","['forest', 'forestry', 'forests', 'deforestation', 'redd', 'timber', 'management', 'sustainable', 'wood', 'forêts']","['\nForest Sustainability: Tropical, Sustainable Management, Deforestation, REDD+', '', '', '', '', '', '', '', '', '']","['fao forest resources assessmen forestry development ', 'a way to a more sustainable ukraine forestry a way to a more sustainable ukraine forestry visits of high level forest delegations of the national forest agency of ukraine to bavaria to foster more sustainable forestry systems under the social, economic and ecological challenges - added value in forestry by producing high quality timber, close to nature forestry under conditions of climate change, biodiversity in second growth forests, good governace in state-owned forest enterprises, european forestry and research (inventory, forest protection), cooperation of forestry and tourism/gastronomy/agriculture, better cooperation alongside value chain forestry/wood industry, forestry and water protection, forestry and recreational needs/forest pedagogics in metropolitan areas.', 'cifor-dry forest africa        cifor-forest forestry policy & admin. management cifor-dry forest africa        cifor-forest']"
3,13148,3_gender_women_equality_femmes,Gender Equality & Women Empowerment,"['gender', 'women', 'equality', 'femmes', 'empowerment', 'mujeres', 'organisations', 'womens', 'género', 'rights']","['\nGender Equality & Women Empowerment', '', '', '', '', '', '', '', '', '']","[""gender helpdesk - gender helpdesk - eurolatin gender helpdesk - gender helpdesk - eurolatin gender helpdesk provides support for mainstreaming of gender equality into sida's projects, programmes, results proposals and more."", 'gender programme gender programme ', 'gender. misc travels gender misc. travels ']"
4,10726,4_peace_conflict_resolution_civilian,Peace-Conflict-Building-Prevention-Resolution,"['peace', 'conflict', 'resolution', 'civilian', 'peacebuilding', 'prevention', 'reconciliation', 'paix', 'building', 'conflits']","['\nPeace-Conflict-Building-Prevention-Resolution', '', '', '', '', '', '', '', '', '']","['ziviler friedensdienst - projekte civilian peace-building, conflict prevention and resolution ', 'mgep-conflict pre.&peace build civilian peace-building, conflict prevention and resolution ', 'berghof foundation for peace support civilian peace-building, conflict prevention and resolution berghof foundation for peace support']"
5,10013,5_climate_change_adaptation_climatique,Climate Adaptation,"['climate', 'change', 'adaptation', 'climatique', 'mitigation', 'climat', 'changement', 'impacts', 'finance', 'countries']","['\nClimate Adaptation', '', '', '', '', '', '', '', '', '']","[' environment/global climate change ', 'global climate change global climate change global climate change [u.s. government - general services administration]', 'international conclave on climate change international conclave on climate change international conclave on climate change']"
6,10575,6_food_security_alimentaire_sécurité,Food Sec. Prog./Alimentaria,"['food', 'security', 'alimentaire', 'sécurité', 'alimentaria', 'seguridad', 'nutrition', 'sovereignty', 'safety', 'la']","['\nFood Sec. Prog./Alimentaria', '', '', '', '', '', '', '', '', '']","['integrated food security programme trincomalee (ifsp) integrated food security programme trincomalee (ifsp) ', 'food security programme food security programmes/food aid ', 'sustainable food security (ayeyawardy) sustainable food security ']"
7,8068,7_disaster_preparedness_risk_disasters,Disaster Prep. Risk Reduction,"['disaster', 'preparedness', 'risk', 'disasters', 'reduction', 'catastrophes', 'warning', 'natural', 'drr', 'emergencies']","['\nDisaster Prep. Risk Reduction', '', '', '', '', '', '', '', '', '']","['humanitarian assistance - disaster preparedness humanitarian assistance - disaster preparedness enhancing disaster risk reduction capacities in capiz', 'disaster preparedness disaster preparedness community based disaster risk reduction in the bicol region - philippines', 'disaster preparedness disaster preparedness enhancing disaster risk reduction capacities in capiz']"
8,7746,8_maternal_newborn_child_health,MNCH mortality care,"['maternal', 'newborn', 'child', 'health', 'santé', 'neonatal', 'care', 'mortality', 'mères', 'mother']","['\nMNCH mortality care', '', '', '', '', '', '', '', '', '']","['op2 - maternal, newborn and child health op2 - maternal, newborn and child health op2 - maternal, newborn and child health', '1.1 - maternal, newborn and child health 1.1 - maternal, newborn and child health 1.1 - maternal, newborn and child health', 'op2 - maternal, newborn and child health op2 - maternal, newborn and child health ']"
9,7261,9_palestinian_palestine_jerusalem_palestina,Palestinian Dev/Conflict/Rights (WB/GZA),"['palestinian', 'palestine', 'jerusalem', 'palestina', 'gaza', 'israeli', 'israel', 'palestinians', 'territories', 'west']","['\nPalestinian Dev/Conflict/Rights (WB/GZA)', '', '', '', '', '', '', '', '', '']","['scenario planning for the israeli-palestinian conflict scenario planning for the israeli-palestinian conflict ', 'ecf - hebron ecf - hebron promotion of civil liberties for the palestinian population n hebron', 'palestinian centre for human r palestinian centre for human rights ']"
10,9273,10_africa_african_tanzania_afrique,"Africa dev proj: TZ, GHA, S A, E Ast, Bud Sup","['africa', 'african', 'tanzania', 'afrique', 'ghana', 'research', 'regional', 'zimbabwe', 'budget', 'áfrica']","['\nAfrica dev proj: TZ, GHA, S A, E Ast, Bud Sup', '', '', '', '', '', '', '', '', '']","['sarec årsbok                   c research africa licens sarec årsbok                   c research africa licens ', 'cogen for africa cogen for africa ', 'startsouth - africa startsouth - africa ']"
11,7338,11_energy_renewable_efficiency_energies,Renewable Energy & EE Prog. (Efficiency),"['energy', 'renewable', 'efficiency', 'energies', 'energie', 'buildings', 'clean', 'énergie', 'efficient', 'renouvelables']","['\nRenewable Energy & EE Prog. (Efficiency)', '', '', '', '', '', '', '', '', '']","['renewable energy and energy eficiency renewable energy and energy eficiency framework conditions to promote the use of renewable energies and energy efficiency are established', 'renewable energy and energy efficiency programme electrical transmission/distribution renewable energy and energy efficiency programme', 'grant to the renewable energy and energy efficiency partnership energy policy and admin. management renewable energy and energy efficiency partnership']"
12,6889,12_justice_judicial_legal_court,Legal Judicial Dev't (Access Justice),"['justice', 'judicial', 'legal', 'court', 'judiciaire', 'rule', 'law', 'criminal', 'judiciary', 'reform']","[""\nLegal Judicial Dev't (Access Justice)"", '', '', '', '', '', '', '', '', '']","['5190376  judicial reform ii legal and judicial development ', 'justice - other operations legal and judicial development justice - other operations', '5320175  sustainable justice reform legal and judicial development ']"
13,7582,13_vocational_training_professionnelle_formation,Vocational training,"['vocational', 'training', 'professionnelle', 'formation', 'technical', 'tvet', 'education', 'advanced', 'managerial', 'tech']","['\nVocational training labels:\n1. Vocational Ed. & Training\n2. Technical VET\n3. Prof. Development & Training\n4. Skills Formation\n5. Workforce Capacity Building\n6. V', '', '', '', '', '', '', '', '', '']","['.kmu-orientierte berufliche qualifizierung in ..lateinamerika... vocational training ', 'personalentwicklung in der schulischen und betrieblichen berufsausbildung vocational training ', 'mitarbeiterfortb.u.kapazitätserweiterung in gemeinnützigen institutionen d.entwicklungsförderng vocational training mitarbeiterfortb.u.kapazitätserweiterung in gemeinnützigen institutionen d.entwicklungsförderng']"
14,6707,14_disabilities_disabled_disability_persons,Disability rights advocacy,"['disabilities', 'disabled', 'disability', 'persons', 'people', 'handicap', 'with', 'inclusion', 'personnes', 'children']","['\nDisability rights advocacy', '', '', '', '', '', '', '', '', '']","['inclusion of persons with disabilities inclusion of persons with disabilities promoting the inclusion of persons with disabilities.', ""strategic funding to the united nations partnership to promote the rights of persons with disabilities (unprpd) strategic funding to the united nations partnership to promote the rights of persons with disabilities (unprpd) a global partnership for action on disability-inclusive development, led by people with disabilities. this project will strengthen the voice of disabled people's organisations at regional, national and global level to advocate for changes in policies, legislations and programmes to ensure they are inclusive of people with disabilities. it will also establish and strengthen mechanisms within the united nations to deliver on the global goals for people with disabilities, critical to achieving the promise to leave no one behind."", 'protecting the rights of persons with disabilities - social services protecting the rights of persons with disabilities - social services the protecting the rights of persons with disabilities program aims at protecting the rights of persons with disabilities in binh phuoc and thua thien hue. the specific objectives of the project are:?increasing local advocacy for disability rights in two provinces through strengthening disabled people organizations and parent associations of children with disabilities,?increasing local capacity to protect the rights of persons with disabilities,?improving provincial disability accessibility plans.']"
15,6579,15_fisheries_fishing_fish_fishery,"Fisheries Dev't (fishing, aquac, sustain)","['fisheries', 'fishing', 'fish', 'fishery', 'aquaculture', 'pêche', 'marine', 'pesca', 'tuna', 'artisanal']","[""\nFisheries Dev't (fishing, aquac, sustain)"", '', '', '', '', '', '', '', '', '']","[' fisheries project sadcc ', 'undip fisheries project fisheries technology prjct fishery-related education ', 'fisheries orgs./swedmar fishery development : fisheries orgs./swedmar ']"
16,6351,16_media_journalism_journalists_freedom,Media Freedom Journalism,"['media', 'journalism', 'journalists', 'freedom', 'independent', 'investigative', 'press', 'news', 'free', 'information']","['\nMedia Freedom Journalism', '', '', '', '', '', '', '', '', '']","['media: promotion media: promotion media: promotion', 'ta to the nao for national media development ta to the nao for national media development ', 'zamcom media training zamcom media training ']"
17,7515,17_awareness_promotion_development_sensibilización,Promotion of Dev Awareness,"['awareness', 'promotion', 'development', 'sensibilización', 'desarrollo', 'allocable', 'nd', 'sensibilisation', 'raising', 'el']","['\nPromotion of Dev Awareness', '', '', '', '', '', '', '', '', '']","['opc p2000-s promotion of development awareness ', ' promotion of development awareness weltfrühstück', 'infocus (valuing promotion of development awareness ']"
18,7050,18_bourses_etudes_ii_secondment,"Study scholarships II-III, internships, NGO subsidies","['bourses', 'etudes', 'ii', 'secondment', 'bourse', 'iii', 'gl', 'jpo', 'mr', 'paf']","['\nStudy scholarships II-III, internships, NGO subsidies', '', '', '', '', '', '', '', '', '']","[""bourse d'etudes ibrahima bourse d'etudes ibrahima "", ""bourses d'etudes ong: subsides aux o bourses d'etudes ong "", ""bourses d'etudes bourses d'etudes ""]"
19,6228,19_microfinance_micro_microenterprise_credit,Microfinance Projects,"['microfinance', 'micro', 'microenterprise', 'credit', 'microcredit', 'spanish', 'contry', 'finance', 'projects', 'financial']","['\nMicrofinance Projects', '', '', '', '', '', '', '', '', '']","['regional microfinance creditline regional microfinance creditline regional microfinance creditline', 'agrif - huimin microfinance agrif - huimin microfinance ', 'ta krk microfinance ta krk microfinance ']"
20,9074,20_rural_development_integrated_rurales,Integrated Rural Dev,"['rural', 'development', 'integrated', 'rurales', 'entwicklung', 'rurale', 'développement', 'der', 'ländliche', 'ländlichen']","['\nIntegrated Rural Dev (10 keywords)', '', '', '', '', '', '', '', '', '']","['leistungen nach dem entwicklungshelfergesetz rural development ', ' integr. rural development ', 'coprod. doc. kindsoldaten ug b rural development ']"
21,5735,21_malaria_control_nets_insecticide,Malaria Control-Elimination,"['malaria', 'control', 'nets', 'insecticide', 'elimination', 'treatment', 'vector', 'paludisme', 'treated', 'rssh']","['\nMalaria Control-Elimination', '', '', '', '', '', '', '', '', '']","['cvca278malaria12262 cvca278malaria12262 malaria', 'ac635malaria12262 ac635malaria12262 malaria', 'h005 - malaria malaria ']"
22,5619,22_covid_19_pandemic_response,COVID-19 Humanitarian Aid,"['covid', '19', 'pandemic', 'response', 'coronavirus', 'covid19', 'spread', 'emergency', 'crisis', 'impact']","['\nCOVID-19 Humanitarian Aid', '', '', '', '', '', '', '', '', '']","['covid-19 humanitarian assistanceunhcr covid-19 humanitarian assistanceunhcr covid-19 humanitarian assistanceunhcr', 'cepi covid-19 cepi covid-19 contributiono to cepi covid-19', 'qei dib covid-19 gyanshala qei dib covid-19 gyanshala programme: covid-19 respons, covid-19 respons: education. description: qei dib covid-19 gyanshala']"
23,7066,23_civil_society_civile_participation,Strengthening Civil Society,"['civil', 'society', 'civile', 'participation', 'strengthening', 'société', 'civic', 'democratic', 'organizations', 'csos']","['\nStrengthening Civil Society', '', '', '', '', '', '', '', '', '']","['- arouse strengthening civil society ', '- steunpunkt strengthening civil society ', '- ceder ayllu strengthening civil society ']"
24,5281,24_tourism_turismo_tourisme_tourist,Tourism Sustainability Policy,"['tourism', 'turismo', 'tourisme', 'tourist', 'hotel', 'ecotourism', 'sustainable', 'turístico', 'destination', 'eco']","['\nTourism Sustainability Policy', '', '', '', '', '', '', '', '', '']","['tourism tourism sector development in salta province ', 'sustainable tourism sustainable tourism sustainable tourism', 'national sustainable tourism program national sustainable tourism program national sustainable tourism program']"
25,5380,25_reprod_reproductive_family_components,Reproductive Health 100%,"['reprod', 'reproductive', 'family', 'components', 'rh', 'planning', 'aids', '100', 'basic', 'hiv']","['\nReproductive Health 100%', '', '', '', '', '', '', '', '', '']","['support to cawtar support to cawtar support to cawtar ///// components = family planning: 0% , reproductive health: 100% , hiv/aids: 0% , basic research in reprod.health: 0%', 'dirrect.informo.educat.censibilsat. dirrect.informo.educat.censibilsat. dirrect.informo.educat.censibilsat. ///// components = family planning: 0% , reproductive health: 100% , hiv/aids: 0% , basic research in reprod.health: 0%', 'operationnalisation de la dpp operationnalisation de la dpp operationnalisation de la dpp ///// components = family planning: 0% , reproductive health: 0% , hiv/aids: 0% , basic research in reprod.health: 100%']"
26,5762,26_environmental_mgmt_admin_environment,Environmental Policy Admin,"['environmental', 'mgmt', 'admin', 'environment', 'policy', 'environnement', 'environnementale', 'env', 'management', 'ambiental']","['\nEnvironmental Policy Admin', '', '', '', '', '', '', '', '', '']","['cou -  srirdp environmental policy and admin. mgmt ', 'environment management and sus environmental policy and admin. mgmt ', 'environmental assessment in libanon environmental policy and admin. mgmt ']"
27,5211,27_waste_solid_recycling_déchets,Solid Waste Mgmt & Disposal,"['waste', 'solid', 'recycling', 'déchets', 'disposal', 'management', 'residuos', 'collection', 'landfill', 'municipal']","['\nSolid Waste Mgmt & Disposal', '', '', '', '', '', '', '', '', '']","['solid waste management         nova varos solid waste management         nova varos ', 'chn haikou solid waste waste management - china haikou solid waste ', 'improvement of waste water disposal and solid waste management improvement of waste water disposal and solid waste management financing of the improvement of waste water and solid waste management in provincial towns']"
28,4961,28_audit_contract_financial_financier,Audit Financials Contracts,"['audit', 'contract', 'financial', 'financier', 'contrat', 'dummy', 'audits', 'payment', 'late', 'fed']","['\nAudit Financials Contracts', '', '', '', '', '', '', '', '', '']","['iap project audit iap project audit financial audit of iap projects that have sent sida the financial     compleation report', 'financial audit slu financial audit slu audit referred to internal audit', 'audit fwc 2006 / moore stephens / financial audit cbempc audit fwc 2006 / moore stephens / financial audit cbempc reference : audit fwc 2006 / moore stephens / financial audit cbempc']"
29,5344,29_biodiversity_conservation_diversity_biodiversité,Biodiv Conserv Prog,"['biodiversity', 'conservation', 'diversity', 'biodiversité', 'bio', 'park', 'protected', 'ecosystem', 'biological', 'natural']","['\nBiodiv Conserv Prog', '', '', '', '', '', '', '', '', '']","['community biodiversity development and conservation program community biodiversity development and conservation program ', 'parana biodiversity project parana biodiversity project ', 'msc biodiversity cbm bio-diversity msc biodiversity cbm']"
30,4488,30_mine_clearance_mines_action,Mine clearance Humanitarian Action,"['mine', 'clearance', 'mines', 'action', 'explosive', 'demining', 'landmines', 'landmine', 'uxo', 'erw']","['\nMine clearance Humanitarian Action', '', '', '', '', '', '', '', '', '']","['humanitarian mine action humanitarian mine action humanitarian mine action - mine clearance program [through halo trust]', ' land mine clearance humanitarian mine action - mine victims assistance', ' land mine clearance humanitarian mine action - james madison mine action information center']"
31,5943,31_violence_gender_violencia_against,Gender-based Violence Prevention/Response,"['violence', 'gender', 'violencia', 'against', 'sexual', 'women', 'based', 'mujeres', 'gbv', 'violences']","['\nGender-based Violence Prevention/Response', '', '', '', '', '', '', '', '', '']","['gender based violence (gbv) prevention policies gender based violence (gbv) prevention policies gender-based violence', 'response to gender based violence response to gender based violence gender-based violence response', 'program on gender based violence program on gender based violence programa contra la violencia de género']"
32,6268,32_school_construction_classrooms_primary,SchoolConstructionProjects,"['school', 'construction', 'classrooms', 'primary', 'secondary', 'village', 'classroom', 'township', 'elementary', 'building']","['\nSchoolConstructionProjects', '', '', '', '', '', '', '', '', '']","['project for construction of a primary school at tamjilt project for construction of a primary school at tamjilt construction of school', ""project for the construction of primary school no 5844 temity marane'y project for the construction of primary school no 5844 temity marane'y construction of 4 classrooms and 2 lavatories at an elementary school in repatriacion city of caaguazu province."", 'project for the construction of primary school no 299 asuncion escalada project for the construction of primary school no 299 asuncion escalada construction of 3 classrooms and 1 lavatory at an elementary school in capitan miranda city of itapua province.']"
33,5005,33_balkans_eu_ipa_bosnia,Cross Border IPA Balkans Bosnia Herzegovina,"['balkans', 'eu', 'ipa', 'bosnia', 'herzegovina', 'serbia', 'cross', 'border', 'ukraine', 'albania']","['\nCross Border IPA Balkans Bosnia Herzegovina', '', '', '', '', '', '', '', '', '']","['cross border programme croatia   bosnia and herzegovina under the ipa   cross border co operation component for the year 2013 cross border programme croatia   bosnia and herzegovina under the ipa   cross border co operation component for the year 2013 cross-border programme croatia - bosnia and herzegovina under the ipa - cross-border co-operation component for the year 2013', 'cross-border programme bosnia and herzegovina - montenegro under the ipa-cross-border co-operation component for 2009 (montenegro part). cross-border programme bosnia and herzegovina - montenegro under the ipa-cross-border co-operation component for 2009 (montenegro part). cross-border programme bosnia and herzegovina - montenegro under the ipa-cross-border co-operation component for 2009 (montenegro part). the part of bosnia and herzegovina is encoded in cris under the decision n° 2009/021-143.', 'cross-border programme between the republic of croatia and bosnia and herzegovina under the ipa-cross-border co-operation component for the year 2007 cross-border programme between the republic of croatia and bosnia and herzegovina under the ipa-cross-border co-operation component for the year 2007 cross-border programme between the republic of croatia and bosnia and herzegovina under the ipa-cross-border co-operation component for the year 2007']"
34,5760,34_urban_cities_municipal_city,"Urban Dev: Cities, Infra, Smart","['urban', 'cities', 'municipal', 'city', 'infrastructure', 'urbain', 'development', 'smart', 'towns', 'urbaine']","['\nUrban Dev: Cities, Infra, Smart', '', '', '', '', '', '', '', '', '']","['urban development, surabaya urban development, surabaya ', ' urban development, luoyang ', ' urban development, tetouan ']"
35,7141,35_endowment_democracy_grant_national,"Endowment Democracy Grants: Organizing, NGOs, Civic","['endowment', 'democracy', 'grant', 'national', 'will', 'organization', 'unspecified', 'organize', 'democratic', 'activists']","['\nEndowment Democracy Grants: Organizing, NGOs, Civic', '', '', '', '', '', '', '', '', '']","['national endowment for democracy grant to association for civic society and democracy for freedom of information. national endowment for democracy grant to association for civic society and democracy for freedom of information. [project description withheld.]', 'national endowment for democracy grant to national democracy institute national endowment for democracy grant to national democracy institute program management', 'national endowment for democracy grant to national democratic institute national endowment for democracy grant to national democratic institute program development']"
36,4942,36_colombia_rights_human_derechos,Colombia HR Protection,"['colombia', 'rights', 'human', 'derechos', 'humanos', 'guatemala', 'peace', 'colombian', 'paz', 'victims']","['\nColombia HR Protection', '', '', '', '', '', '', '', '', '']","['support to the iachr on human rights in its work in colombia human rights strengthen iachr capacity to follow up on human rights aspects of the demobilization process and the general situation in colombia', 'accompaniment and international observation for the comprehensive and intersectional protection of human rights defenders in colombia. accompaniment and international observation for the comprehensive and intersectional protection of human rights defenders in colombia. título completo del proyecto: acompañamiento y observación internacional para la protección integral e interseccional de personas defensores de derechos humanos en colombia. :: colombia, actualmente, está sufriendo un deterioro de la situación de los derechos humanos, tal y como han manifestado las organizaciones nacionales e internacionales, y organismos multilaterales como naciones unidas y el sistema interamericano de derechos humanos, entre otros. esta situación se observa agravada debido a la emergencia por covid19, ya que tanto el virus mismo, como las medidas de contención contempladas tienen un impacto aún más devastador para sus mayorías desfavorecidas (comunidades étnicoterritoriales y de las personas, organizaciones y comunidades que defienden derechos humanos, así como los riesgos diferenciales de mujeres, niños y niñas). ante esta situación, desde pbi colombia se busca proteger el espacio de acción de las personas defensoras de derechos humanos, que sufren amenazas y agresiones porsu trabajo a favor de los derechos humanos, la justicia social y la paz en colombia. concretamente, en 2021 pbi colombia brinda protección a 12 organizaciones, 3 personas defensoras y 1 comunidad en resistencia.el modelo de protección que pbi colombia implementa es un modelo integral basado en 4 ejes de trabajo complementarios: 1) el acompañamiento físico y observación internacional a las personas y procesos acompañados para generar espacios seguros de trabajo, 2) el trabajo de interlocución con entidades civiles y militares colombianas a nivel nacional y regional para trasmitirles las preocupaciones sobre la situación de nuestros acompañados y acompañadas, e interlocución con actores aliados y de la red de apoyo en washington dc, europa y colombia, para apoyar las peticiones de protección a las personas y comunidades acompañadas, y generar presión internacional con el objetivo de lograr el pleno respeto de a los derechoshumanos, 3) la producción y difusión de materiales de comunicación para visibilizar e informar de los riesgos a los que se enfrentan las personas defensoras de derechos humanos, y 4) la reconstrucción del tejido social através de la promoción y facilitación de espacios de encuentro y construcción colectiva de la sociedad civil organizada, basado en un enfoque de protección integral que incluye la seguridad (física y digital), y el apoyo psicosocial. en el contexto actual de la emergencia por covid19, los ejes de protección de pbi que requieren de movilidad y contacto físico se han visto afectados. sin embargo, y con la finalidad de seguir protegiendo a las organizaciones, personas defensoras y comunidades acompañadas (odcs), desde pbi colombia se han implementado estrategias adaptadas a la virtualidad.en el contexto actual, pbi colombia a través del plan estratégico vigente ha priorizado las organizaciones que trabajan en las siguientes temáticas: 1) acceso y uso de la tierra y territorio, 2) empresas, ddhh y medioambiente, 3) lucha contra', 'human rights in colombia human rights in colombia proyecto de sensibilización de la sociedad catalana sobre los derechos humanos en colombia.']"
37,5022,37_floods_typhoon_flood_emergency,"Flood relief: Philippines, Pakistan","['floods', 'typhoon', 'flood', 'emergency', 'cyclone', 'affected', 'humanitarian', 'relief', 'philippines', 'haiyan']","['\nFlood relief: Philippines, Pakistan', '', '', '', '', '', '', '', '', '']","['humanitarian assistance - assistance victims affected by flood humanitarian assistance - assistance victims affected by flood emergency assistance victims affected by flood', 'emergency grant aid in response to the flood disaster in pakistan emergency grant aid in response to the flood disaster in pakistan humanitarian assistance for the refugees and host communities affected by the pakistan floods', 'humanitarian aid humanitarian aid emergency assistance to families affected by monsoon floods in pakistan']"
38,5462,38_poverty_reduction_alleviation_pauvreté,Poverty Reduction Support,"['poverty', 'reduction', 'alleviation', 'pauvreté', 'pauvrete', 'prsc', 'credit', 'poor', 'rural', 'pobreza']","['\nPoverty Reduction Support', '', '', '', '', '', '', '', '', '']","['support to poverty reduction support to poverty reduction support to poverty reduction', 'support for poverty reduction support for poverty reduction pnp', 'localizing poverty reduction localizing poverty reduction localizing poverty reduction (lpr)']"
39,4318,39_housing_viviendas_low_vivienda,"Low-cost Housing: Viviendas, Slums, Digna","['housing', 'viviendas', 'low', 'vivienda', 'slum', 'logement', 'houses', 'familias', 'anantapur', 'families']","['\nLow-cost Housing: Viviendas, Slums, Digna', '', '', '', '', '', '', '', '', '']","[' housing, hyderabad ', 'proefproject voor ecologische housing ', 'housing expences housing expences ']"
40,4427,40_export_border_control_related,Export Border Control Sec Assist Enf,"['export', 'border', 'control', 'related', 'security', 'assistance', 'exbs', 'travel', 'interdiction', 'enforcement']","['\nExport Border Control Sec Assist Enf', '', '', '', '', '', '', '', '', '']","['export control and related border security assistance, dhs/uscg overhead export control and related border security assistance, dhs/uscg overhead dhs/uscg overhead for fy13', 'export control and related border security assistance, fy20 icitap cbp fedcep export control and related border security assistance, fy20 icitap cbp fedcep fy20 icitap cbp fedcep', 'export control and related border security assistance export control and related border security assistance enforcement/interdiction: export control and related border security assistance']"
41,4832,41_multisector_aid_plurisectorielle_multi,Multisect. Aid '07-'08,"['multisector', 'aid', 'plurisectorielle', 'multi', 'secteurs', 'adplan', 'aide', 'autres', 'coordination', 'comp']","[""\nMultisect. Aid '07-'08"", '', '', '', '', '', '', '', '', '']","['epic multisector aid ', 'rips multisector aid ', 'idpp multisector aid ']"
42,4109,42_corruption_anti_transparency_integrity,Anti-Corr. Transp. Integrity,"['corruption', 'anti', 'transparency', 'integrity', 'laundering', 'accountability', 'eiti', 'money', 'extractive', 'u4']","['\nAnti-Corr. Transp. Integrity', '', '', '', '', '', '', '', '', '']","['anti-corruption anti-corruption ', 'anti-corruption anti-corruption anti-corruption', 'nsc anti corruption nsc anti corruption ']"
43,4096,43_solar_solaire_photovoltaic_power,Solar PV Energy,"['solar', 'solaire', 'photovoltaic', 'power', 'energy', 'pv', 'installation', 'panels', 'grid', 'electricity']","['\nSolar PV Energy', '', '', '', '', '', '', '', '', '']","['oolu solar gda oolu solar gda oolu solar gda', 'providencia solar providencia solar providencia solar- neoen', 'sasia: solar sasia: solar ']"
44,4928,44_title_usaid_cost_commodity,USaid Title II Food Aid Commodity Costs,"['title', 'usaid', 'cost', 'commodity', 'food', 'aid', 'freight', 'itsh', 'ii', 'prepositioning']","['\nUSaid Title II Food Aid Commodity Costs', '', '', '', '', '', '', '', '', '']","['commodity cost of usaid title ii food aid for other emergency commodity cost of usaid title ii food aid for other emergency usaid title ii food aid for other emergency through world food program.  commodity cost of wheat flour bread / metric tons: 2,630.', 'commodity cost of usaid title ii food aid for other emergency commodity cost of usaid title ii food aid for other emergency usaid title ii food aid for other emergency through world food program. commodity cost of lentils / metric tons: 730.', 'commodity cost of usaid title ii food aid for other emergency commodity cost of usaid title ii food aid for other emergency usaid title ii food aid for other emergency through world food program. commodity cost of wheat, soy blend / metric tons: 630.']"
45,4061,45_irrigation_drainage_rehabilitation_canal,"Irrig Projects: Rehab, Drain, Canal, Agri","['irrigation', 'drainage', 'rehabilitation', 'canal', 'irrigated', 'project', 'agricultural', 'water', 'agriculture', 'system']","['\nIrrig Projects: Rehab, Drain, Canal, Agri', '', '', '', '', '', '', '', '', '']","[' tapakuma. irrigation project ', 'bewã„sserungsprojekt irrigation project ', 'muhuri irrigation project muhuri irrigation project muhuri irrigation project']"
46,3915,46_tb_tuberculosis_dots_tuberculose,TB Control: Detection & Treatment,"['tb', 'tuberculosis', 'dots', 'tuberculose', 'mdr', 'control', 'patients', 'drug', 'resistant', 'treatment']","['\nTB Control: Detection & Treatment', '', '', '', '', '', '', '', '', '']","['tuberculosis tuberculosis control reduce the number of deaths caused by tb by increasing detection of cases of tb and by successfully treating detected cases as well as addressing issues of multi-drug resistant tb tb and hiv and investing in new tools for tb. [johns hopkins university]', 'tb bestrijding kncv tb prevention tmf tb bestrijding kncv', 'tuberculosis tuberculosis reduce the number of deaths caused by tb by increasing detection of cases of tb and by successfully treating detected cases, as well as addressing issues of multi-drug resistant tb, tb and hiv, and investing in new tools for tb. [international union against tuberculosis and lung disease]']"
47,4285,47_rehabilitation_rehab_réhabilitation_hospital,Rehab Proj Hosp Care,"['rehabilitation', 'rehab', 'réhabilitation', 'hospital', 'disability', 'rehabilitation12110', 'travaux', 'sante', 'centre', 'rehabilitación']","['\nRehab Proj Hosp Care', '', '', '', '', '', '', '', '', '']","['rehabilitation de la snim rehabilitation de la snim ', 'rehabilitation of bamenda bamb rehabilitation of bamenda / bambuir ', 'zwe stc (n) eline rehab eline rehabilitation ']"
48,3927,48_culture_cultural_recreation_arts,Culture & Recreation Collab.,"['culture', 'cultural', 'recreation', 'arts', 'art', 'culturelle', 'artistique', 'artists', 'culturelles', 'culturel']","['\nCulture & Recreation Collab.', '', '', '', '', '', '', '', '', '']","['projects of cultural cooperation culture and recreation projekte der kulturellen zusammenarbeit österreich - nepal', 'culture project culture and recreation ', 'mali. cultural cooperation culture and recreation ']"
49,7748,49_aids_hiv_std_control,HIV/AIDS STD Control,"['aids', 'hiv', 'std', 'control', 'prevention', 'including', 'sida', 'treatment', 'vih', 'care']","['\nHIV/AIDS STD Control', '', '', '', '', '', '', '', '', '']","['dlgsp-training on hiv/aids std control including hiv/aids ', 'xinjiang hiv/aids prevention and care std control including hiv/aids xinjiang hiv/aids prevention and care', 'assistance for hiv/aids std control including hiv/aids assistance for hiv/aids [population services international]']"
50,3380,50_contributions_negotiates_undergone_admission,Long-standing track record for program contribs,"['contributions', 'negotiates', 'undergone', 'admission', 'procedure', 'standing', 'competences', 'record', 'negotiation', 'successfully']","['\nLong-standing track record for program contribs', '', '', '', '', '', '', '', '', '']","[""p-directorat hnd p-directorat hnd the sdc negotiates programme contributions as part of institutional partnerships. for the assessment and negotiation of programme contributions, which is based on the ngo's overall programme, the organisation is required to have a long-standing track record and have successfully undergone the admission procedure. programme contributions are an investment in the competences and capacities of the ngos and in the relevance of their programmes."", ""élevage domestique élevage domestique the sdc negotiates programme contributions as part of institutional partnerships. for the assessment and negotiation of programme contributions, which is based on the ngo's overall programme, the organisation is required to have a long-standing track record and have successfully undergone the admission procedure. programme contributions are an investment in the competences and capacities of the ngos and in the relevance of their programmes."", ""theologische stipendien theologische stipendien the sdc negotiates programme contributions as part of institutional partnerships. for the assessment and negotiation of programme contributions, which is based on the ngo's overall programme, the organisation is required to have a long-standing track record and have successfully undergone the admission procedure. programme contributions are an investment in the competences and capacities of the ngos and in the relevance of their programmes.""]"
51,3752,51_transmission_power_electricity_distribution,Power Transm. & Distrib.,"['transmission', 'power', 'electricity', 'distribution', 'kv', 'electrical', 'electric', 'line', 'lines', 'substations']","['\nPower Transm. & Distrib.', '', '', '', '', '', '', '', '', '']","['power transmission and distribution power transmission and distribution power transmission and distribution project, ptd-2.', 'power transmission project power transmission project ', 'chimuara-nacala power transmission project chimuara-nacala power transmission project chimuara-nacala power transmission project']"
52,5933,52_eau_water_sanitation_assainissement,Water & Sanitation Access - Burkina Faso,"['eau', 'water', 'sanitation', 'assainissement', 'potable', 'supply', 'agua', 'accès', 'hygiene', 'drinking']","['\nWater & Sanitation Access - Burkina Faso', '', '', '', '', '', '', '', '', '']","[""amélioration de l'accès à l'eau potable et l'assainissement - yaho, burkina faso amélioration de l'accès à l'eau potable et l'assainissement - yaho, burkina faso amélioration de l'accès à l'eau potable et l'assainissement - yaho, burkina faso"", ""aelb - amélioration de l'accès d'un village à l'eau potable, l'assainissement et l'hygiène au burkina faso aelb - amélioration de l'accès d'un village à l'eau potable, l'assainissement et l'hygiène au burkina faso ce projet a pour objectif d'améloirer l'accès d'un village à l'eau potable, l'assainissement et l'hygiène au burkina faso."", ""accès à l'eau potable et à l'assainissement accès à l'eau potable et à l'assainissement burkina faso - nobéré - accès à l'eau potable et à l'assainissement""]"
53,3332,53_dynamics_population_output_data,Population Dyn. Analysis 13 (Rights-Based) for Policies,"['dynamics', 'population', 'output', 'data', 'agendas', 'analysis', '13', 'policies', 'demographic', 'evidence']","['\nPopulation Dyn. Analysis 13 (Rights-Based) for Policies', '', '', '', '', '', '', '', '', '']","['output 13: analysis on population dynamics analysis on population dynamics armenia - yerevan - outcome 4: strengthened national policies and international development agendas through integration of evidence-based analysis on population dynamics', 'output 13: analysis on population dynamics analysis on population dynamics serbia - outcome 4: strengthened national policies and international development agendas through integration of evidence-based analysis on population dynamics', 'output 13: analysis on population dynamics analysis on population dynamics iraq -  baghdad - outcome 4: strengthened national policies and international development agendas through integration of evidence-based analysis on population dynamics']"
54,3238,54_mining_mineral_cement_rubber,"Mining, Equipment, Sector, Iron Ore","['mining', 'mineral', 'cement', 'rubber', 'minerals', 'mines', 'minier', 'vs', 'steel', 'fabrication']","['\nMining, Equipment, Sector, Iron Ore', '', '', '', '', '', '', '', '', '']","[' mining sector study ', ' mining infrastr. ', ' iron ore mining ']"
55,4674,55_distress_relief_emergency_urgence,Emerg Relief Distress,"['distress', 'relief', 'emergency', 'urgence', 'echo', 'resp', 'rapid', 'iniative', '01000', 'response']","['\nEmerg Relief Distress', '', '', '', '', '', '', '', '', '']","['miete/abgeltung einsatzbereitschaft emergency/distress relief ', 'ernã„hrungsprojekt hebron emergency/distress relief ', 'eri/heks/notwasser emergency/distress relief ']"
56,4334,56_youth_adolescents_young_jeunes,Youth Dev & Leadership,"['youth', 'adolescents', 'young', 'jeunes', 'participation', 'jeunesse', 'jóvenes', 'adolescent', 'juventud', 'people']","['\nYouth Dev & Leadership', '', '', '', '', '', '', '', '', '']","['the millenium youth project the millenium youth project the millenium youth project', 'entertainment for the laity and youth entertainment for the laity and youth entertainment for the laity and youth', 'youth bulge youth bulge youth bulge']"
57,3120,57_telecommunications_telecom_telecommunication_telephone,Telecom Networks & Expansion,"['telecommunications', 'telecom', 'telecommunication', 'telephone', 'network', 'af', 'telecomm', 'satellite', 'mobile', 'communications']","['\nTelecom Networks & Expansion', '', '', '', '', '', '', '', '', '']","['tdm telecommunications project (2090 telecommunications project ', 'telecommunication network expa telecommunications ', 'telecommunications telecommunications telecommunication/exchanges']"
58,3056,58_drug_drugs_pharmaceutical_drogas,Drug Control & Prevention,"['drug', 'drugs', 'pharmaceutical', 'drogas', 'narcotics', 'control', 'medicines', 'alcohol', 'medicamentos', 'enforcement']","['\nDrug Control & Prevention', '', '', '', '', '', '', '', '', '']","['scad v-azerbaijan scad v-azerbaijan eu good practices adopted in the field of drug policies with particular emphasis on the  drug epidemiology, legal and institutional frameworks on drugs, drug abuse prevention , treatment rehabilitation of drug addicts,  regional cooperation on drug law en', 'drug control/undcp workshop drug control/undcp workshop ', 'drug prevention drug prevention drug prevention']"
59,4271,59_decentralisation_decentralization_local_décentralisation,Decentralization-Local Govt-Governance,"['decentralisation', 'decentralization', 'local', 'décentralisation', 'governance', 'government', 'gouvernance', 'locale', 'municipal', 'governments']","['\nDecentralization-Local Govt-Governance', '', '', '', '', '', '', '', '', '']","['decentralization and local governance - decentralization and local governance - ', 'decentralization-local governance decentralization-local governance decentralization-local governance', 'support of decentralisation and local government support of decentralisation and local government ']"
60,3031,60_vaccine_immunization_vaccines_vaccination,Vaccine mechanisms in low-income settings,"['vaccine', 'immunization', 'vaccines', 'vaccination', 'immunisation', 'meningitis', 'rotavirus', 'gavi', 'nvs', 'pneumococcal']","['\nVaccine mechanisms in low-income settings', '', '', '', '', '', '', '', '', '']","['novartis vaccines institute for global health novartis vaccines institute for global health to develop a technology platform for the production of highly immunogenic and affordable polysaccharide vaccines.', 'health (vaccines & immunisations) health (vaccines & immunisations) health (vaccines & immunisations)', 'economic benefit and value of vaccines: research and value of vaccination economic benefit and value of vaccines: research and value of vaccination to undertake critical evaluation of the impact of vaccines on broad economic benefits, and to bring results of value of vaccination research to the attention of ministers of finance and health']"
61,2999,61_travaux_fed_am_supervision,Fed works supervision 2012,"['travaux', 'fed', 'am', 'supervision', 'du', 're', 'capacit', '2012', 'appui', 'des']","['\nFed works supervision 2012', '', '', '', '', '', '', '', '', '']","['fed/2012/285-052-appui au commisariat g??n??ral au plan fed/2012/285-052-appui au commisariat g??n??ral au plan appui au commisariat g??n??ral au plan', 'fed/2012/293-010-mission de suivi et contr??le technique des travaux de r??habilit fed/2012/293-010-mission de suivi et contr??le technique des travaux de r??habilit mission de suivi et contr??le technique des travaux de r??habilitation de trois tgi du niger - lot 1: diffa-zinder-maradi', 'supervision des travaux de rectification du lit et de protection de berges de la rivi??re bretelle ?? cabaret supervision des travaux de rectification du lit et de protection de berges de la rivi??re bretelle ?? cabaret la soci??t?? concern??e dans la supervision des travaux doir assurer que les travaux de protection et de terrassement soient r??alis??s conformenent aux plans et aux sp??cifications techniques.']"
62,3860,62_financial_fiscal_public_finances,"Public Fin Mgmt: Sector, Inst. Capacity, Accountability","['financial', 'fiscal', 'public', 'finances', 'management', 'publiques', 'pfm', 'finance', 'expenditure', 'reform']","['\nPublic Fin Mgmt: Sector, Inst. Capacity, Accountability', '', '', '', '', '', '', '', '', '']","['education public financial management education public financial management education public financial management', 'public financial management assistance public financial management assistance public financial management assistance', 'public financial management public financial management the objective of the component is to strengthen  public sector financial structures and processes hereby building institutional  capacity and creating  a platform for improved  service delivery and greater accountability']"
63,3687,63_child_protection_children_rights,Child Prot. (CP) - Child Rights (CR),"['child', 'protection', 'children', 'rights', 'enfants', 'droits', 'enfant', 'childrens', 'unicef', 'exploitation']","['\nChild Prot. (CP) - Child Rights (CR)', '', '', '', '', '', '', '', '', '']","['child protection d&a child protection d&a child protection d&a', 'child protection child protection child protection', '6.1 child protection 6.1 child protection 6.1 child protection']"
64,3461,64_tunisie_tunisia_algérie_maroc,"Tunisie EnviroFest, SCAC aid","['tunisie', 'tunisia', 'algérie', 'maroc', 'scac', 'morocco', 'tunisian', 'appui', 'algerie', 'p185']","['\nTunisie EnviroFest, SCAC aid\n', '', '', '', '', '', '', '', '', '']","[""scac - p185 - tunisie - service de coopération et d'action culturelle scac - p185 - tunisie - service de coopération et d'action culturelle scac - p185 - coopération en recherche et développement - invitations - tunisie -"", ""scac - p185 - tunisie - service de coopération et d'action culturelle scac - p185 - tunisie - service de coopération et d'action culturelle scac - p185 - archéologie - invitations - tunisie -"", 'bit tunisie ess bit tunisie ess bit tunisie ess']"
65,2961,65_music_theatre_culturelle_p185,Culturel Fest Music Thtr P185,"['music', 'theatre', 'culturelle', 'p185', 'spectacle', 'diffusion', 'musique', 'festival', 'vivant', 'musical']","['\nCulturel Fest Music Thtr P185', '', '', '', '', '', '', '', '', '']","['p185 - coopération et diffusion culturelle - spectacle vivant - concert léo warynski p185 - coopération et diffusion culturelle - spectacle vivant - concert léo warynski p185 - coopération et diffusion culturelle - spectacle vivant - concert léo warynski - concert donné à princess galyani vadhana institute of music', 'peace festival through music t peace festival through music ', 'festival of folk music ensembles and choruses  lepota razlicitosti festival of folk music ensembles and choruses  lepota razlicitosti contribution to a festival of folk music ensembles and choruses  lepota razlicitosti']"
66,2885,66_frame_agreement_ngo_suomen,Frame Agreements NGOs,"['frame', 'agreement', 'ngo', 'suomen', 'ry', 'fida', 'lähetysseura', 'finn', 'sask', 'abilis']","['\nFrame Agreements NGOs', '', '', '', '', '', '', '', '', '']","['frame agreement with ngo (abilis foundation) frame agreement with ngo (abilis foundation) information cost', 'frame agreement with ngo (pelastakaa lapset) frame agreement with ngo (pelastakaa lapset) b1 programme review & planning evaluation.', 'frame agreement with ngo (siemenpuu) frame agreement with ngo (siemenpuu) sigida nyetaa 2012-14']"
67,3127,67_trade_facilitation_wto_commerce,Trade Policies & Facilitation,"['trade', 'facilitation', 'wto', 'commerce', 'admin', 'policy', 'investment', 'agreements', 'negotiations', 'multilateral']","['\nTrade Policies & Facilitation', '', '', '', '', '', '', '', '', '']","[""trade related assistance to png trade facilitation trade policy advisor under the 9th edf project 'trade related assistance'"", '239mena negotiating trade 239mena negotiating trade ', '239wa negotiating trade 239wa negotiating trade ']"
68,6587,68_water_resources_eau_resource,Water Resources Policy/Admin. Mgmt.,"['water', 'resources', 'eau', 'resource', 'mgmt', 'management', 'iwrm', 'integrated', 'admin', 'gestion']","['\nWater Resources Policy/Admin. Mgmt.', '', '', '', '', '', '', '', '', '']","['ewwca water resources policy/admin. mgmt ', 'support to drfn water resources policy/admin. mgmt ', 'iwrm regional water fergana water resources policy/admin. mgmt iwrm regional water fergana']"
69,3632,69_administration_public_adm_reform,Public Sector Admin Policy,"['administration', 'public', 'adm', 'reform', 'government', 'administrative', 'sector', 'management', 'policy', 'publique']","['\nPublic Sector Admin Policy', '', '', '', '', '', '', '', '', '']","['tcf ii public sector policy and adm. management orã§amento programa conferãªncias, formaã§ã£o e seminã¡rios', 'metorology public sector policy and adm. management metorology', 'cne padrón biométrico public sector policy and adm. management ']"
70,2754,70_included_scientific_other_not,"Scientific coop (non-area), intl, edu res, dev cty","['included', 'scientific', 'other', 'not', 'areas', 'cooperation', 'countries', 'far', 'research', 'with']","['\nScientific coop (non-area), intl, edu res, dev cty', '', '', '', '', '', '', '', '', '']","['scientific cooperation with other countries (not included in other areas) scientific cooperation with other countries (not included in other areas) lc materials with high birefringence for optoelectronics and photonics - capacity building in the field of education and research', 'scientific cooperation with other countries (not included in other areas) scientific cooperation with other countries (not included in other areas) gast travelling conference  it security  - capacity building in the field of education and research', 'scientific cooperation with other countries (not included in other areas) scientific cooperation with other countries (not included in other areas) studies on dermal invasion of polymer nanocapsules and nanoencapsulated clobetasol from nanocapsules - capacity building in the field of education and research']"
71,5123,71_health_santé_care_soins,"Health workforce, Uganda, system strengthening","['health', 'santé', 'care', 'soins', 'uganda', 'salud', 'services', 'systems', 'tanzania', 'africa']","['\nHealth workforce, Uganda, system strengthening', '', '', '', '', '', '', '', '', '']","[""building the capacity of community health workers / développer les capacités des travailleurs en santé communautaire health education amref canada's project aims to improve access to health information and basic health services, particularly for child and maternal health, by training 1,320 community health workers in vulnerable and marginalized communities in tanzania, kenya, and uganda, and 800 traditional health practitioners in south africa. the community health workers help reduce the incidence of malaria, hiv/aids and other preventable health problems through the provision of community health education and services to children and mothers. five health clinics in tanzania are being rehabilitated. to promote effectiveness and sustainability, amref is documenting best practices for training community health workers, identify the most effective methods for improving the integration of these health workers into the government's health systems, and document lessons learned for strengthening health systems with community health workers. amref canada works with local ngo partners, government ministries (at the district level and national levels), community institutions and health experts in the field. amref canada also promotes canadian public engagement on maternal and child health through presentations, social networking activities, and media. / le projet d'amref canada vise à améliorer l'accès à l'information et aux services de santé de base, particulièrement en ce qui a trait à la santé des enfants et des mères, en formant 1 320 travailleurs de la santé communautaire dans les communautés marginalisées et vulnérables de la tanzanie, du kenya et de l'ouganda, en plus de 800 praticiens de la santé traditionnelle en afrique du sud. les travailleurs de la santé communautaire réduisent les incidences de paludisme, du vih/sida et autres problèmes de santé que l'on peut prévenir par l'entremise d'éducation et de services de santé aux enfants et aux mères. cinq cliniques de santé en tanzanie sont remises en état. afin de favoriser l'efficacité et la durabilité, amref documente les pratiques exemplaires pour la formation de travailleurs de la santé communautaire, identifie les méthodes les plus efficaces pour améliorer l'intégration de ces travailleurs de la santé dans les systèmes de santé du gouvernement, et documente les leçons retenues pour renforcer les systèmes de santé avec les travailleurs de la santé communautaire. amref canada travaille avec les ong partenaires locales, les ministères gouvernementaux (au niveau des districts et au niveau national), les institutions communautaires et les experts de la santé sur le terrain. amref canada favorise également l'engagement du public canadien en matière de santé des mères et des enfants par l'entremise de présentations, d'activités de réseautage social et des médias"", ""building the capacity of community health workers / développer les capacités des travailleurs en santé communautaire health personnel development amref canada's project aims to improve access to health information and basic health services, particularly for child and maternal health, by training 1,320 community health workers in vulnerable and marginalized communities in tanzania, kenya, and uganda, and 800 traditional health practitioners in south africa. the community health workers help reduce the incidence of malaria, hiv/aids and other preventable health problems through the provision of community health education and services to children and mothers. five health clinics in tanzania are being rehabilitated. to promote effectiveness and sustainability, amref is documenting best practices for training community health workers, identify the most effective methods for improving the integration of these health workers into the government's health systems, and document lessons learned for strengthening health systems with community health workers. amref canada works with local ngo partners, government ministries (at the district level and national levels), community institutions and health experts in the field. amref canada also promotes canadian public engagement on maternal and child health through presentations, social networking activities, and media. / le projet d'amref canada vise à améliorer l'accès à l'information et aux services de santé de base, particulièrement en ce qui a trait à la santé des enfants et des mères, en formant 1 320 travailleurs de la santé communautaire dans les communautés marginalisées et vulnérables de la tanzanie, du kenya et de l'ouganda, en plus de 800 praticiens de la santé traditionnelle en afrique du sud. les travailleurs de la santé communautaire réduisent les incidences de paludisme, du vih/sida et autres problèmes de santé que l'on peut prévenir par l'entremise d'éducation et de services de santé aux enfants et aux mères. cinq cliniques de santé en tanzanie sont remises en état. afin de favoriser l'efficacité et la durabilité, amref documente les pratiques exemplaires pour la formation de travailleurs de la santé communautaire, identifie les méthodes les plus efficaces pour améliorer l'intégration de ces travailleurs de la santé dans les systèmes de santé du gouvernement, et documente les leçons retenues pour renforcer les systèmes de santé avec les travailleurs de la santé communautaire. amref canada travaille avec les ong partenaires locales, les ministères gouvernementaux (au niveau des districts et au niveau national), les institutions communautaires et les experts de la santé sur le terrain. amref canada favorise également l'engagement du public canadien en matière de santé des mères et des enfants par l'entremise de présentations, d'activités de réseautage social et des médias"", ""building the capacity of community health workers / développer les capacités des travailleurs en santé communautaire health policy & admin. management amref canada's project aims to improve access to health information and basic health services, particularly for child and maternal health, by training 1,320 community health workers in vulnerable and marginalized communities in tanzania, kenya, and uganda, and 800 traditional health practitioners in south africa. the community health workers help reduce the incidence of malaria, hiv/aids and other preventable health problems through the provision of community health education and services to children and mothers. five health clinics in tanzania are being rehabilitated. to promote effectiveness and sustainability, amref is documenting best practices for training community health workers, identify the most effective methods for improving the integration of these health workers into the government's health systems, and document lessons learned for strengthening health systems with community health workers. amref canada works with local ngo partners, government ministries (at the district level and national levels), community institutions and health experts in the field. amref canada also promotes canadian public engagement on maternal and child health through presentations, social networking activities, and media. / le projet d'amref canada vise à améliorer l'accès à l'information et aux services de santé de base, particulièrement en ce qui a trait à la santé des enfants et des mères, en formant 1 320 travailleurs de la santé communautaire dans les communautés marginalisées et vulnérables de la tanzanie, du kenya et de l'ouganda, en plus de 800 praticiens de la santé traditionnelle en afrique du sud. les travailleurs de la santé communautaire réduisent les incidences de paludisme, du vih/sida et autres problèmes de santé que l'on peut prévenir par l'entremise d'éducation et de services de santé aux enfants et aux mères. cinq cliniques de santé en tanzanie sont remises en état. afin de favoriser l'efficacité et la durabilité, amref documente les pratiques exemplaires pour la formation de travailleurs de la santé communautaire, identifie les méthodes les plus efficaces pour améliorer l'intégration de ces travailleurs de la santé dans les systèmes de santé du gouvernement, et documente les leçons retenues pour renforcer les systèmes de santé avec les travailleurs de la santé communautaire. amref canada travaille avec les ong partenaires locales, les ministères gouvernementaux (au niveau des districts et au niveau national), les institutions communautaires et les experts de la santé sur le terrain. amref canada favorise également l'engagement du public canadien en matière de santé des mères et des enfants par l'entremise de présentations, d'activités de réseautage social et des médias""]"
72,5215,72_education_éducation_teachers_school,Teacher Ed Support Proj: Improving Basic Edu,"['education', 'éducation', 'teachers', 'school', 'teacher', 'primary', 'schools', 'secondary', 'uganda', 'quality']","['\nTeacher Ed Support Proj: Improving Basic Edu', '', '', '', '', '', '', '', '', '']","[""teacher education support project: towards more effective basic education/projet d'appui à la formation des enseignants : pour une éducation de base plus efficace teacher education support project: towards more effective basic education/projet d'appui à la formation des enseignants : pour une éducation de base p the teacher education support project (tesp) aims to improve girls' and boys' basic education, including reading, writing and mathematics skills, in tanzania's primary and secondary schools. it focuses on improving the quality and gender sensitivity of primary and secondary school teaching by investing in effective training for future teachers at 35 teacher's colleges. project activities include: (1) providing training to instructors and trainees on effective and gender sensitive teaching methods, (2) enhancing the ministry of education's capacity to manage teacher training nationally, and (3) providing teaching and learning materials to teacher's colleges, including information and communications technology equipment (ict), textbooks and learning resources.tesp seeks to help improve the qualifications of 3,000 college instructors, and train approximately 50,000 new teachers./le projet d'appui à la formation des enseignants (pafe) vise à améliorer la qualité de l'éducation de base des filles et des garçons, ce qui comprend l'amélioration des compétences en mathématiques, lecture et écriture, dans les écoles primaires et secondaires de la tanzanie. il met l'emphase sur l'amélioration de la qualité de l'enseignement primaire et secondaire, qui tient compte des sexospécificités, en investissant dans une formation efficace pour les futurs enseignants de 35 collèges d'enseignants. les activités du projet comprennent : 1) donner une formation aux instructeurs et aux futurs enseignants sur des méthodes d'enseignement efficaces et qui tiennent compte des sexospécificités, 2) renforcer la capacité du ministère de l'éducation de gérer la formation des enseignants à l'échelle nationale, 3) fournir du matériel d'enseignement et d'apprentissage aux collèges d'enseignement, incluant de l'équipement en technologies de l'information et des communications, des manuels scolaires et des ressources pédagogiques.le pafe vise à améliorer les qualifications de 3 000 instructeurs des collèges d'enseignement et former approximativement 50 000 futurs enseignants."", ""uganda country programme  - education - education standard agency - direct. educ. standards g uganda country programme  - education - education standard agency - direct. educ. standards g irish aid in uganda in 2009 will continue to assist the ministry of education and sports (moes) in implementing the education sector strategic plan (essp) which is seeing marked improvements in primary school enrolment and, more recently, the introduction of universal secondary education.  there are a number of challenges being addressed and these include low learning achievements in literacy and numeracy, high drop-out rates, teacher absenteeism, and limited budgetary resources. in supporting the essp, irish aid in uganda is playing a leading role in the education sector, focusing the policy dialogue on the quality of education, improved results, and the mainstreaming of gender, hiv/aids and governance in particular. in line with the use of a mixture of aid modalities, a number of projects are also being supported in 2009 and these relate to curriculum development, bursaries and adult literacy. the post-primary and education training (ppet) programme in karamoja - the most vulnerable region in uganda – continues in 2009. thirteen post-primary and training institutions are being rehabilitated along with the construction of administration blocks, teachers' houses, latrines, classrooms, dormitories libraries and laboratories"", ""uganda country programme  - education - northern uganda basaries - 3rd tranche-aei bursaries uganda country programme  - education - northern uganda basaries - 3rd tranche-aei bursaries irish aid in uganda in 2009 will continue to assist the ministry of education and sports (moes) in implementing the education sector strategic plan (essp) which is seeing marked improvements in primary school enrolment and, more recently, the introduction of universal secondary education.  there are a number of challenges being addressed and these include low learning achievements in literacy and numeracy, high drop-out rates, teacher absenteeism, and limited budgetary resources. in supporting the essp, irish aid in uganda is playing a leading role in the education sector, focusing the policy dialogue on the quality of education, improved results, and the mainstreaming of gender, hiv/aids and governance in particular. in line with the use of a mixture of aid modalities, a number of projects are also being supported in 2009 and these relate to curriculum development, bursaries and adult literacy. the post-primary and education training (ppet) programme in karamoja - the most vulnerable region in uganda – continues in 2009. thirteen post-primary and training institutions are being rehabilitated along with the construction of administration blocks, teachers' houses, latrines, classrooms, dormitories libraries and laboratories""]"
73,2699,73_trafficking_victims_persons_anti,"Human Trafficking Prevention, Victims Support, Combat & Countermeasures","['trafficking', 'victims', 'persons', 'anti', 'tip', 'smuggling', 'human', 'beings', 'slavery', 'iom']","['\nHuman Trafficking Prevention, Victims Support, Combat & Countermeasures', '', '', '', '', '', '', '', '', '']","['trafficking africa-eu trafficking africa-eu ', 'dzo / icmpd trafficking dzo / icmpd trafficking strengthening law enforcement capacities for fighting human trafficking', 'prevention of trafficking prevention of trafficking support to victims of trafficking']"
74,2964,74_livestock_cattle_breeding_animal,Livestock Production Development,"['livestock', 'cattle', 'breeding', 'animal', 'pig', 'goat', 'production', 'sheep', 'beef', 'élevage']","['\nLivestock Production Development', '', '', '', '', '', '', '', '', '']","['geitenteelt in azua livestock ', 'producciã“n pecuaria de novillas de engorde livestock ', 'ph92 offtake of livestock in n livestock ']"
75,2650,75_yemen_yémen_yemeni_humanitarian,Yemen humanitarian aid in conflict areas (10),"['yemen', 'yémen', 'yemeni', 'humanitarian', 'yemenis', 'governorates', 'wounded', 'affected', 'conflict', 'assistance']","['\nYemen humanitarian aid in conflict areas (10)', '', '', '', '', '', '', '', '', '']","['yemen national i.d. project yemen national i.d. project ', 'project in yemen project in yemen project in yemen', 'paf - yemen paf - yemen paf - yemen']"
76,4095,76_refugees_refugee_recip_réfugiés,Refugees aid,"['refugees', 'refugee', 'recip', 'réfugiés', 'asylum', 'migration', 'aid', 'unhcr', 'refugiados', 'seekers']","['\nRefugees aid Label: refugees_aid', '', '', '', '', '', '', '', '', '']","['influx comali refugees influx comali refugees ', 'trian jaya resettlem refugees trian jaya resettlem refugees ', 'ssd medair, refugees maban ssd medair, refugees maban ']"
77,2468,77_sport_sports_football_jeunesse,Sports Development & Partnerships,"['sport', 'sports', 'football', 'jeunesse', 'associative', 'soccer', 'conduite', 'vie', 'deporte', 'sanitaires']","['\nSports Development & Partnerships', '', '', '', '', '', '', '', '', '']","[""asian sports partnerships: connecting people and institutions, enhancing sport for development and supporting innovation and integrity in sport. asian sports partnerships: connecting people and institutions, enhancing sport for development and supporting innovation and integrity in sport. asian sports partnerships is a new opportunity for sports cooperation provided through the government's australian sports diplomacy strategy 2015-18.  the sports diplomacy strategy aims to:  connect people and institutions,  enhance sport for development,  showcase australian capability, and  support innovation and integrity in sport. the asp will provide a flexible and responsive mechanism to encourage sports collaboration between australian and foreign organisations, focusing on innovation, and building linkages between all elements of australia's development and sports programs in asia.   the asp provides a practical means to advance key priorities for the region including supporting emerging leaders, youth, women and girls.  it will look to provide funding to support new programs, expand national sporting organisations' geographic focus, trial new approaches, and develop new partnerships."", 'sport with refugees sport with refugees development and promotion of sports structures and sports relations', 'sports partnership program sports partnership program invite the underdeveloped countrys sport leaders and conduct the training session on koreas sport policy  ang support sport equipment  supporting training and sport equipment']"
78,2475,78_lcf_cooperation_fund_local,Local Coop Fund Admin Costs Nam-Bra-Sud,"['lcf', 'cooperation', 'fund', 'local', 'namibia', 'in', 'women', 'kenya', 'rights', 'is']","['\nLocal Coop Fund Admin Costs Nam-Bra-Sud', '', '', '', '', '', '', '', '', '']","['local cooperation fund (lcf) in sudan local cooperation fund (lcf) in sudan administrative costs', 'local cooperation fund (lcf) in namibia local cooperation fund (lcf) in namibia lcf administrative costs.', 'local cooperation fund (lcf) in brazil local cooperation fund (lcf) in brazil administrative costs of local cooperation fund 2009.']"
79,2506,79_debt_dette_interest_loans,Debt forgiveness,"['debt', 'dette', 'interest', 'loans', 'principal', 'forgiveness', 'hipc', 'relief', 'club', 'allegement']","['\nDebt forgiveness', '', '', '', '', '', '', '', '', '']","['debt forgiveness debt forgiveness debt forgiveness', ' debt-forgiveness ', 'debt forgiveness debt forgiveness debt relief']"
80,2959,80_haiti_haïti_haitian_haití,Haiti dev & police reinforcement,"['haiti', 'haïti', 'haitian', 'haití', 'et', 'le', 'des', 'haïtien', 'les', 'projet']","['\nHaiti dev & police reinforcement', '', '', '', '', '', '', '', '', '']","['envoi de coopérants juniors - haiti envoi de coopérants juniors - haiti envoi de coopérants juniors - haiti', 'haiti (binuh) (n1104)* haiti (binuh) (n1104)* haiti (binuh) (n1104)*', 'coopérants coopérants coopérants haiti']"
81,2555,81_police_crime_policing_forensic,Police Training & Crime Investigation,"['police', 'crime', 'policing', 'forensic', 'organised', 'investigation', 'criminal', 'nationale', 'training', 'reform']","['\nPolice Training & Crime Investigation', '', '', '', '', '', '', '', '', '']","['police training police training from police', ' police communicat. e ', 'maintanence of police vechiles maintanence of police vechiles maintanence of police vechiles']"
82,2844,82_indigenous_peoples_indígenas_pueblos,Indigenous Rights Development,"['indigenous', 'peoples', 'indígenas', 'pueblos', 'rights', 'indígena', 'derechos', 'people', 'los', 'land']","['\nIndigenous Rights Development', '', '', '', '', '', '', '', '', '']","[' indigenous peoples development project ', 'indigenous peoples: human rights indigenous peoples: human rights ', ' indigenous peoples support ']"
83,2670,83_dispatch_practical_volunteers_transferring,Volunteer skill transfers: practical teachings,"['dispatch', 'practical', 'volunteers', 'transferring', 'theoretical', 'theories', 'hands', 'applications', 'teaching', 'expert']","['\nVolunteer skill transfers: practical teachings', '', '', '', '', '', '', '', '', '']","['dispatch of volunteers dispatch of volunteers teaching mathematical theories and their practical applications and providing hands-on training in the areas of maths', 'dispatch of volunteers dispatch of volunteers teaching theories of swimming and their practical applications and providing hands-on training on swim strokes', 'dispatch of volunteers dispatch of volunteers teaching beauty-related theories and their practical applications and providing hands-on training for hair, scalp, nail and skincare']"
84,2398,84_verification_expenditure_vérification_dépenses,Expenditure Verif. (PE),"['verification', 'expenditure', 'vérification', 'dépenses', 'pe', 'fed', 'estimate', 'devis', 'dp', 'audit']","['\nExpenditure Verif. (PE)', '', '', '', '', '', '', '', '', '']","['expenditure verification nao pe6 expenditure verification nao pe6 expenditure verification nao pe6', 'kpmg - expenditure verification of pe2/pe3 kpmg - expenditure verification of pe2/pe3 kpmg - expenditure verification of pe2/pe3', 'kpmg- expenditure verification pe2/pe3/pe4 kpmg- expenditure verification pe2/pe3/pe4 kpmg- expenditure verification pe2/pe3/pe4']"
85,3027,85_diseases_infectious_tropical_disease,Infectious Disease Control - Communicable Tropical Diseases,"['diseases', 'infectious', 'tropical', 'disease', 'communicable', 'neglected', 'control', 'maladies', 'noncommunicable', 'ac']","['\nInfectious Disease Control - Communicable Tropical Diseases', '', '', '', '', '', '', '', '', '']","['cvcaegyptcommunicable diseases cvca: egyptcommunicable diseases infectious disease control', 'cvcamauritaniacommunicable diseases cvca: mauritaniacommunicable diseases infectious disease control', 'cvcacomoroscommunicable diseases cvca: comoroscommunicable diseases infectious disease control']"
86,5027,86_agricultural_agriculture_farmers_agricole,Agricultural productivity for smallholder farmers in Africa,"['agricultural', 'agriculture', 'farmers', 'agricole', 'smallholder', 'productivity', 'production', 'africa', 'agricoles', 'et']","['\nAgricultural productivity for smallholder farmers in Africa', '', '', '', '', '', '', '', '', '']","['enabling rural innovation in eastern africa , uganda enabling rural innovation in eastern africa , uganda the overall objective is to contribute to improved livelihoods of smallholder farmers in east africa through advocacy for market-based climate-smart agriculture. the specific objective of the intervention is to empower 6,625 farmers and their  organisations through the eri approach to successfully practice market-based climate-smart agriculture in order to achieve income and food security. the enabling rural innovation (eri) approach is implemented by four local project partners in  tanzania and uganda through farmer groups in their catchment areas.265 farmer groups from previous project phases continue to receive support and mentoring. a group comprises an average of 25 individual farmers. the programme reaches 6,625  households directly, benefiting 46,375 more household members indirectly.agriculture is the livelihood of 65% of the tanzanian population and 69% of the ugandan population, which is mainly composed of smallholder farmers. the agricultural  sector accounts for 25% of gdp in tanzania and 23% in uganda, although this share is steadily declining and the slow growth of the agricultural sector is reflected in poverty and food supply problems for the rural population. rural challenges  include insufficient productivity and market orientation of agricultural production, lack of sustainable natural resource management, and weak organisation and networking among farmers. the enabling rural innovation (eri) approach addresses  these challenges with a holistic approach that promotes an entrepreneurial culture and is both learning-intensive and participatory. the third phase of the project builds on the experience and lessons learnt from the previous phases, where  eri has proven to be an appropriate approach to the needs of the region, successfully increasing the production and productivity of smallholder farmers.', 'improving productivity and market success of ethiopian farmers / amélioration de la productivité et du succès sur le marché des agriculteurs éthiopien improving productivity and market success of ethiopian farmers / amélioration de la productivité et du succès sur le marché des agriculteurs éthiopien the project aims to increase agricultural productivity and improved livelihoods for people in rural areas by building capacity for market-oriented agricultural production. the project assists farmers, community organizations, and public institutions to develop innovative methods to produce high value crops, such as honey, beans, and teff, and livestock such as sheep and goats. the project focuses on building connections between smallholder farmers in order to increase their negotiating power, access to processing facilities, and access to market information, thereby increasing their potential to earn a higher income. the project also works to improve the quality of farm products, their storage, and processing in order to ensure a higher price at market. linking farmer groups and small-scale local traders with larger wholesale, processing, and export marketing groups are also part of the strategy. the project also works with the ethiopian ministry of agriculture and rural development and agricultural technical and vocational training centers to develop training opportunities for market-oriented farming. / le projet vise à accroître la productivité agricole et à améliorer les moyens de subsistance pour les gens des régions rurales en renforçant la capacité de production agricole axée sur le marché. le projet permet d aider les agriculteurs, les organisations communautaires et les institutions publiques à mettre au point des méthodes novatrices pour produire des récoltes de grande valeur, telles que la culture du miel, des fèves et du teff, ainsi que l élevage d animaux, notamment les moutons et les chèvres. le projet est axé sur l établissement de liens entre les petits exploitants agricoles en vue d accroître leur pouvoir de négociation, leur accès aux installations de transformation et leur accès aux renseignements sur le marché, améliorant ainsi leurs chances d augmenter leurs revenus. il veille également à améliorer la qualité des produits agricoles, de leur entreposage et de leur transformation en vue d assurer un prix plus élevé sur le marché. la stratégie permet également aux groupes d agriculteurs et aux petits commerçants locaux d établir des liens avec des intervenants des secteurs du gros, de la transformation et du marketing de l exportation de plus grande envergure. il collabore avec le ministère de l agriculture et du développement rural éthiopien ainsi qu avec les centres de formation professionnelle, technique et agricole en vue de créer des possibilités de formation sur l agriculture axée sur le marché.', ""association for strengthening agricultural research in eastern and central africa / association pour renforcer la recherche agricole en afrique orientale et centrale agricultural research this project supports the comprehensive africa agriculture development programme (caadp) goal of achieving 6% growth per year in the agricultural sector africa-wide by 2015. the project aims to contribute to strengthening agricultural research in africa and to assist farmers in adopting new farming techniques and improved crop varieties. the project also provides training to policy makers, research managers and researchers on integrated agricultural research for development approaches. tools and methodologies are being developed and promoted for the adoption and application of new agricultural technologies by up to 10 million farmer households in 10 countries.   it is estimated that in africa approximately 80% of people depend directly or indirectly on the agricultural sector. the association for strengthening agricultural research in eastern and central africa (asareca) is one of four sub-regional partners of the forum for agricultural research (fara). it is responsible for managing activities in eastern and central africa related to the agricultural research, technology dissemination and adoption component of caadp.   results as of march 2010 include : through asareca's programs and projects, the agricultural performance of many countries throughout eastern and central africa has significantly improved. one recent project of importance headed by asareca is the dissemination of new agricultural technologies in africa (donata). this project promotes new proven and emerging agricultural technologies, such as the quality protein maize seed. due to the success of these technologies, demand has increased tremendously in all four countries involved (dr congo, kenya, tanzania and uganda). the project has also stimulated demand from other countries like sudan and ethiopia who have expressed interest in the technologies. asareca is therefore now exploring ways to upscale to meet these demands. / ce projet contribue à la réalisation de l'objectif du programme intégré pour le développement de l'agriculture africaine (pidaa), soit une croissance annuelle de 6 p. 100 du secteur agricole à l'échelle de l'afrique d'ici 2015. le projet a pour but de favoriser le renforcement de la recherche agricole en afrique et d'aider les agriculteurs à adopter les nouvelles techniques culturales et des variétés améliorées. il permet également d'offrir une formation aux décideurs, gestionnaires de recherche et chercheurs sur les approches de la recherche agricole intégrée pour le développement ainsi que de mettre au point et de promouvoir des outils et des méthodologies concernant l'adoption et l'application des nouvelles technologies agricoles par plus de dix millions d'agriculteurs dans dix pays.   on estime que 80 p. 100 des africains sont directement ou indirectement tributaires du secteur agricole. l'association pour le renforcement de la recherche agricole en afrique orientale et centrale (asareca) est l'un des quatre partenaires infra-régionaux du forum pour la recherche agricole en afrique. elle gère les activités du volet du pidaa lié à la recherche agricole et à la diffusion et l'adoption de la technologie du pidaa en afrique orientale et centrale.   parmi les résultats obtenus en date de mars 2010: grâce aux programmes et aux projets de l'association pour le développement de l'agriculture en afrique centrale et orientale (asareca), le rendement agricole de nombreux pays d'afrique centrale et orientale a été amélioré. un récent projet d'envergure mené par asareca est l'initiative de diffusion de nouvelles techniques agricoles en afrique. ce projet favorise l'utilisation de nouvelles techniques éprouvées et émergentes, telles que les semences de maïs à haute teneur protéique. grâce au succès remporté par ces techniques, la demande de nouvelles semences a fortement augmenté dans les quatre pays participants (république démocratique du congo, kenya, tanzanie et ouganda). cette initiative a également stimulé la demande d'autres pays tels que le soud""]"
87,6181,87_narcotics_enforcement_inl_law,INTL Law Enf Eqp & Supplies (DOSTATE),"['narcotics', 'enforcement', 'inl', 'law', 'affairs', 'bureau', 'covers', 'international', 'department', 'equipment']","['\nINTL Law Enf Eqp & Supplies (DOSTATE)', '', '', '', '', '', '', '', '', '']","['bureau of international narcotics and law enforcement affairs - inl carsi fen elbow and kneepads bureau of international narcotics and law enforcement affairs - inl carsi fen elbow and kneepads u.s. department of state: bureau of international narcotics and law enforcement affairs. [covers the cost of supply items not otherwise classified. includes petty cash purchases as distinguished from specific purpose vouchers.]', 'bureau of international narcotics and law enforcement affairs - inl carsi cpp umep2 posta losusa chamelecon refurb bureau of international narcotics and law enforcement affairs - inl carsi cpp umep2 posta losusa chamelecon refurb u.s. department of state: bureau of international narcotics and law enforcement affairs. [covers the costs of repair items including lumber, hardware, masonry, plaster, roofing, window glass, fabricated metal, tiles, paints, decorator supplies, etc.]', 'bureau of international narcotics and law enforcement affairs - inl carsi fm sand and gravel morgue la ceiba bureau of international narcotics and law enforcement affairs - inl carsi fm sand and gravel morgue la ceiba u.s. department of state: bureau of international narcotics and law enforcement affairs. [covers the costs of repair items including lumber, hardware, masonry, plaster, roofing, window glass, fabricated metal, tiles, paints, decorator supplies, etc.]']"
88,3286,88_nutrition_malnutrition_child_children,"Malnutrition prevention, child nutrition, feeding practices","['nutrition', 'malnutrition', 'child', 'children', 'nutritional', 'feeding', 'enfants', 'desnutrición', 'infant', 'nutricional']","['\nMalnutrition prevention, child nutrition, feeding practices', '', '', '', '', '', '', '', '', '']","['ey nutrition and child development ey nutrition and child development ey nutrition and child development', 'child nutrition child nutrition ', ""preventing childhood malnutrition / prévenir la malnutrition chez les enfants preventing childhood malnutrition / prévenir la malnutrition chez les enfants this project seeks to improve the well-being and survival of children by improving the delivery of direct nutrition interventions. the project also aims to document lessons learned to inform nutrition-related policy and program practice at national and global levels. the project aims to: (i) use behaviour change communication programs to promote optimal infant and young child feeding practices, and (ii) provide access to nutritional products, such as fortified foods, to help food-insecure households supplement the diets of their young children in order to provide adequate nutrition. the project aims to combine these nutrition interventions with existing outreach programs in the health sector in order to generate useful knowledge on how to effectively integrate different health-related activities. this project also seeks to generate knowledge to inform and guide global, regional, and national policies to scale up nutrition, and contribute to developing best practices for programming focused on treating for severe acute malnutrition. ce projet cherche à améliorer le bien-être et la survie des enfants en améliorant la mise en œuvre d'interventions directes en nutrition. le projet vise aussi à consigner les leçons retenues afin d'améliorer les politiques et les programmes en matière de nutrition à l'échelle nationale et mondiale. il a pour but : i) d'utiliser les programmes de communication pour modifier les comportements en vue de promouvoir des pratiques d'alimentation optimales chez les nourrissons et les jeunes enfants, ii) d'assurer l'accès à des produits nutritionnels, comme les aliments enrichis, pour aider les ménages aux prises avec l'insécurité alimentaire à compléter le régime de leurs jeunes enfants afin de leur offrir une nutrition adéquate. le projet vise à combiner ces interventions de nutrition aux actuels programmes de sensibilisation menés dans le secteur de la santé afin de produire des connaissances utiles sur la façon d'intégrer efficacement différentes activités liées à la santé. ce projet cherche également à produire des connaissances en vue d'améliorer et de guider les politiques mondiales, régionales et nationales afin de reproduire à plus grande échelle les interventions en nutrition et de contribuer à l'élaboration de pratiques exemplaires pour les programmes axés sur le traitement de la malnutrition aiguë sévère.""]"
89,2647,89_hydropower_hydro_power_hydroelectric,Hydro Power Plants Rehab,"['hydropower', 'hydro', 'power', 'hydroelectric', 'plant', 'electric', 'rehabilitation', 'plants', 'electricity', 'mw']","['\nHydro Power Plants Rehab', '', '', '', '', '', '', '', '', '']","['masjid-e-soleiman hydroelectric power project(2) hydro-electric power plants to construct a hydropower plant', 'song bung 4 hydropower project hydro-electric power plants ', 'dai ninh hydropower project (1) hydro-electric power plants ']"
90,2319,90_radio_television_tv_broadcasting,Radio/TV Broadcasting Equipment,"['radio', 'television', 'tv', 'broadcasting', 'print', 'radios', 'station', 'media', 'equipment', 'broadcast']","['\nRadio/TV Broadcasting Equipment', '', '', '', '', '', '', '', '', '']","['p‚rennisation de radio okapi p‚rennisation de radio okapi p‚rennisation de radio okapi', 'equipment for radio and tv in yen bai equipment for radio and tv in yen bai equipamiento de radio y television en yen bai', 'radio televisiva nguizani radio/television/print media radio televisiva nguizani']"
91,2431,91_funding_civil_society_scheme,Civ Soc Prog Fund-Monitoring,"['funding', 'civil', 'society', 'scheme', 'programme', 'suited', 'block', 'maps', 'soc', 'annual']","['\nCiv Soc Prog Fund-Monitoring', '', '', '', '', '', '', '', '', '']","['civil society programme funding : civil society programme funding : monitoring & evaluation : civil society programme funding : civil society programme funding : monitoring & evaluation : civil society programme funding : : civil society programme funding : monitoring & evaluation :', 'civil society programme funding: programme quality civil society programme funding: programme quality civil society programme funding: programme quality', 'civil society programme funding: monitoring & development civil society programme funding: monitoring & development civil society programme funding: monitoring & development']"
92,2429,92_georgia_georgian_eumm_eu,"Georgia Monitoring, Reform, Integration","['georgia', 'georgian', 'eumm', 'eu', 'gfsis', 'abkhazia', 'gruzji', 'tbilisi', 'the', 'in']","['\nGeorgia Monitoring, Reform, Integration', '', '', '', '', '', '', '', '', '']","['support for the acion plan in georgia support for the acion plan in georgia support for the acion plan in georgia', 'georgia sda georgia sda georgia sda', 'information programme - georgia information programme - georgia ']"
93,2610,93_medical_equipment_hospital_equipments,Medical Equip. For Hospitals,"['medical', 'equipment', 'hospital', 'equipments', 'provision', 'equipamiento', 'center', 'purchase', 'clinic', 'hospitals']","['\nMedical Equip. For Hospitals', '', '', '', '', '', '', '', '', '']","['medical equipment for the hospital in lanzhou, gansu medical equipment for the hospital in lanzhou, gansu ', 'medical equipment for a hospital medical equipment for a hospital supply of medical equipment for the kenyatta national hospital.', 'equipment for a hospital with medical equipment equipment for a hospital with medical equipment equipment for an hospital with medical equipment']"
94,2684,94_hospital_construction_medical_center,Hospitals Construction,"['hospital', 'construction', 'medical', 'center', 'hôpital', 'clinic', 'hospitals', 'district', 'ward', 'renovation']","['\nHospitals Construction', '', '', '', '', '', '', '', '', '']","['construction of  hospital construction of  hospital construction of a hospital in hargeisa and berbera', 'sheikh khalifa bin zayed al nahyan hospital project in nikos (under construction) sheikh khalifa bin zayed al nahyan hospital project in nikos (under construction) sheikh khalifa bin zayed al nahyan hospital project in nikos (under construction)', 'construction of  hospital construction of  hospital constructon sheikh khalifa hospital']"
95,5854,95_humanitarian_humanitaire_aid_assistance,Humanitarian Aid Topic,"['humanitarian', 'humanitaire', 'aid', 'assistance', 'emergency', 'relief', 'secondments', 'aide', 'distress', 'sdc']","['\nHumanitarian Aid Topic', '', '', '', '', '', '', '', '', '']","['humanitarian aid beyrouth humanitarian aid beyrouth ', 'humanitã„re hilfstransporte humanitarian aid ', 'heks humanitarian aid sheshemane heks humanitarian aid sheshemane heks humanitarian aid sheshemane']"
96,2752,96_irish_society_civil_ireland,Irish Dev Ed Civil Soc Proj Funding,"['irish', 'society', 'civil', 'ireland', 'annual', 'funding', 'aid', 'programmes', 'maps', 'promotion']","['\nIrish Dev Ed Civil Soc Proj Funding', '', '', '', '', '', '', '', '', '']","[""multi-annual programmes - governence - support to irish based ngos - maps - general - illela education-primary education1gov-governance-gen-gender illela education-primary education1gov-governance-gen-gender irish aid acknowledges the role that irish civil society organisations can play in building public support for ireland's aid programme, informing the irish public through development education programmes, as well as raising awareness of the issues around development assistance. irish aid is committed to continuing to support civil society organisations as partners in the attainment of the millennium declaration and associated goals for poverty reduction, and in the protection and promotion of human rights.there are seven key objectives that the civil society fund seeks to promote, which coincide with the role of civil society in development cooperation and human rights promotion, and reflect the commitments of the millennium development goals. the civil society fund will support interventions that contribute to: the strengthening of the voice of communities and civil society organisations to influence policy and its implementation, at local national and international levels 2. the prevention of hunger, and the improvement of livelihood security 3. improved access to essential services, such as education, health care and programmes of hiv prevention, care and support 4. improved access and control of resources for marginalised communities 5. the promotion and realisation of human rights 6. the promotion of women's empowerment and gender equality, including initiatives to tackle gender based violence 7. the promotion of environmental sustainability and in particular, initiatives that combat climate change."", ""civil society fund - governence - support to irish based ngos - csf dev assist. project - 2817-basic health care1grnt-grant payments-gen-gender project - 2817-basic health caregen-gender irish aid acknowledges the role that irish civil society organisations can play in building public support for ireland's aid programme, informing the irish public through development education programmes, as well as raising awareness of the issues around development assistance. irish aid is committed to continuing to support civil society organisations as partners in the attainment of the millennium declaration and associated goals for poverty reduction, and in the protection and promotion of human rights.there are seven key objectives that the civil society fund seeks to promote, which coincide with the role of civil society in development cooperation and human rights promotion, and reflect the commitments of the millennium development goals. the civil society fund will support interventions that contribute to: the strengthening of the voice of communities and civil society organisations to influence policy and its implementation, at local national and international levels 2. the prevention of hunger, and the improvement of livelihood security 3. improved access to essential services, such as education, health care and programmes of hiv prevention, care and support 4. improved access and control of resources for marginalised communities 5. the promotion and realisation of human rights 6. the promotion of women's empowerment and gender equality, including initiatives to tackle gender based violence 7. the promotion of environmental sustainability and in particular, initiatives that combat climate change."", ""civil society fund - governence - support to irish based ngos - csf dev assist. project - 2725-human rights1grnt-grant payments-gen-gender project - 2725-human rightsgen-gender irish aid acknowledges the role that irish civil society organisations can play in building public support for ireland's aid programme, informing the irish public through development education programmes, as well as raising awareness of the issues around development assistance. irish aid is committed to continuing to support civil society organisations as partners in the attainment of the millennium declaration and associated goals for poverty reduction, and in the protection and promotion of human rights.there are seven key objectives that the civil society fund seeks to promote, which coincide with the role of civil society in development cooperation and human rights promotion, and reflect the commitments of the millennium development goals. the civil society fund will support interventions that contribute to: the strengthening of the voice of communities and civil society organisations to influence policy and its implementation, at local national and international levels 2. the prevention of hunger, and the improvement of livelihood security 3. improved access to essential services, such as education, health care and programmes of hiv prevention, care and support 4. improved access and control of resources for marginalised communities 5. the promotion and realisation of human rights 6. the promotion of women's empowerment and gender equality, including initiatives to tackle gender based violence 7. the promotion of environmental sustainability and in particular, initiatives that combat climate change.""]"
97,2318,97_heritage_preservation_restoration_century,Heritage Preservation Restoration,"['heritage', 'preservation', 'restoration', 'century', 'cultural', 'museum', 'site', 'conservation', 'archaeological', 'temple']","['\nHeritage Preservation Restoration', '', '', '', '', '', '', '', '', '']","['restoration of the photohek marubi restoration of the photohek marubi preservation of cultural heritage abroad', 'preservation of world cultural heritage preservation of world cultural heritage preservation of world cultural heritage', ' cultural heritage preservation ']"
98,2206,98_sisters_misean_cara_missionary,Sisters Cara Dev Partnerships,"['sisters', 'misean', 'cara', 'missionary', 'franciscan', 'st', 'mary', 'strategic', 'partnership', 'missionaries']","['\nSisters Cara Dev Partnerships', '', '', '', '', '', '', '', '', '']","['gic partnership for development sector : franciscan missionary sisters for africa : st. francis of assisi secondar y school,- hands of care and h ope gic partnership for development sector : franciscan missionary sisters for africa : st. francis of assisi secondar y school,- hands of care and h ope misean cara : : strategic partnership for development sector : franciscan missionary sisters for africa : st. francis of assisi secondar y school,- hands of care and h ope   full short description: misean cara : strategic partnership for development sector : franciscan missionary sisters for africa : st. francis of assisi secondar y school,- hands of care and h ope', 'misean cara : strategic partnership for development sector : mercy sisters (ireland) : mary immaculate rehabilitation centre (mirc) misean cara : strategic partnership for development sector : mercy sisters (ireland) : mary immaculate rehabilitation centre (mirc) misean cara : : strategic partnership for development sector : mercy sisters (ireland) : mary immaculate rehabilitation centre (mirc)', 'misean cara : strategic partnership for development sector : franciscan missionary sisters for africa : livingstone prison project misean cara : strategic partnership for development sector : franciscan missionary sisters for africa : livingstone prison project misean cara : : strategic partnership for development sector : franciscan missionary sisters for africa : livingstone prison project']"
99,2412,99_earthquake_reconstruction_terremoto_nepal,"Earthqake Recovery NEPAL, Pakistan Recon.","['earthquake', 'reconstruction', 'terremoto', 'nepal', 'affected', 'séisme', 'tremblement', 'emergency', 'terre', 'relief']","['\nEarthqake Recovery NEPAL, Pakistan Recon.', '', '', '', '', '', '', '', '', '']","['earthquake 2010hti merlin earthquake 2010hti merlin earthquake 2010hti merlin', ' earthquake recons. ', 'pak/earthquake baluchistan pak/earthquake baluchistan pak/earthquake baluchistan']"
100,2122,100_écoliers_aefe_récipiendaire_p185,"Subv. AEFE pays, French primary schools, APD","['écoliers', 'aefe', 'récipiendaire', 'p185', 'scolarisation', 'subvention', 'pays', 'calculé', 'prorata', 'octroyées']","['\nSubv. AEFE pays, French primary schools, APD', '', '', '', '', '', '', '', '', '']","[""p185 - subvention aefe - brésil - lycée molière p185 - subvention aefe - brésil - lycée molière p185 - subvention aefe - brésil - lycée molière - scolarisation d'écoliers du pays récipiendaire dans des écoles françaises. le montant déclaré en apd est calculé sur la base du total des subventions octroyées à l'établissement scolaire, au prorata du pourcentage d'écoliers du pays récipiendaire sur le nombre total d'écoliers de toutes nationalités, et en tenant compte de la différence des frais de scolarisation entre écoliers français et ceux du pays récipiendaire."", ""p185 - subvention aefe - egypte - collège de la mère de dieu p185 - subvention aefe - egypte - collège de la mère de dieu p185 - subvention aefe - egypte - collège de la mère de dieu - scolarisation d'écoliers du pays récipiendaire dans des écoles françaises. le montant déclaré en apd est calculé sur la base du total des subventions octroyées à l'établissement scolaire, au prorata du pourcentage d'écoliers du pays récipiendaire sur le nombre total d'écoliers de toutes nationalités, et en tenant compte de la différence des frais de scolarisation entre écoliers français et ceux du pays récipiendaire."", ""p185 - subvention aefe - brésil - lycée pasteur p185 - subvention aefe - brésil - lycée pasteur p185 - subvention aefe - brésil - lycée pasteur - scolarisation d'écoliers du pays récipiendaire dans des écoles françaises. le montant déclaré en apd est calculé sur la base du total des subventions octroyées à l'établissement scolaire, au prorata du pourcentage d'écoliers du pays récipiendaire sur le nombre total d'écoliers de toutes nationalités, et en tenant compte de la différence des frais de scolarisation entre écoliers français et ceux du pays récipiendaire.""]"
101,2876,101_transport_transports_urban_transportation,Urban Transport Projects,"['transport', 'transports', 'urban', 'transportation', 'transit', 'bus', 'road', 'mobility', 'admin', 'traffic']","['\nUrban Transport Projects', '', '', '', '', '', '', '', '', '']","['shijiazhuang urban transport project shijiazhuang urban transport project ', ' urban transport stud ', ' pusan urban transport ']"
102,2414,102_convening_coordination_country_implementation,"Convening, Support Coord., Country Imp. S. (UNAIDS '21)","['convening', 'coordination', 'country', 'implementation', 'support', 'unaids', 'uco', '2021', '519', 'apw']","[""\nConvening, Support Coord., Country Imp. S. (UNAIDS '21)"", '', '', '', '', '', '', '', '', '']","['coordination, convening and country implementation support coordination, convening and country implementation support botones', 'coordination, convening and country implementation support coordination, convening and country implementation support carton de 5 rames de papier', 'coordination, convening and country implementation support coordination, convening and country implementation support marqueurs globox']"
103,2474,103_elections_electoral_election_élections,Electoral Support & Processes,"['elections', 'electoral', 'election', 'élections', 'processus', 'électoral', 'voter', 'commission', 'processes', 'political']","['\nElectoral Support & Processes', '', '', '', '', '', '', '', '', '']","['building effective electoral s elections ', 'election management election management support electoral management bodies to conduct elections, formal adjudication of electoral disputes, and security for elections. [international foundation for electoral systems]', 'information on electoral system elections ']"
104,2247,104_pacific_asia_regional_asian,Asia-Pacific Economics,"['pacific', 'asia', 'regional', 'asian', 'cooperation', 'southeast', 'central', 'adb', 'forum', 'developing']","['\nAsia-Pacific Economics', '', '', '', '', '', '', '', '', '']","['pacific economic bulletin pacific economic bulletin pacific economic bulletin', 'support to asia and pacific cooperation initiatives asia and pacific cooperation init. ', ""hlping trnsfrm asia and the pacific:spprt for adb's new corp stgy hlping trnsfrm asia and the pacific:spprt for adb's new corp stgy hlping trnsfrm asia and the pacific:spprt for adbs new corp stgy""]"
105,2095,105_volunteers_male_female_dispatch,Volunteer Advisors Policy Admin Mgmt,"['volunteers', 'male', 'female', 'dispatch', 'advisors', 'ngo', 'total', 'senior', 'administrative', 'volunteer']","['\nVolunteer Advisors Policy Admin Mgmt', '', '', '', '', '', '', '', '', '']","['advisors volunteers in vietnam for tourism policy and administrative management advisors volunteers in vietnam for tourism policy and administrative management dispatch of advisors volunteers in viet nam for tourism policy and administrative management(total: 1, new: 0 male: 1, female: 0)', 'techno volunteers in ethiopia for energy policy and administrative management techno volunteers in ethiopia for energy policy and administrative management dispatch of techno volunteers in ethiopia for energy policy and administrative management(total number of volunteer : 1 new : 1 male : 1 female : 0)', 'advisors volunteers in tanzania for tourism policy and administrative management advisors volunteers in tanzania for tourism policy and administrative management dispatch of advisors volunteers in tanzania for tourism policy and administrative management(total number of volunteer : 1 new : 1 male : 1 female : 0)']"
106,2519,106_labour_dwt_standards_inspection,Labour Standards Compliance,"['labour', 'dwt', 'standards', 'inspection', 'contribution', 'osh', 'decent', 'compliance', 'workplace', 'co']","['\nLabour Standards Compliance', '', '', '', '', '', '', '', '', '']","['strengthened capacity of labour administration and ilo constituents to comply with international labour standards and fulfilment of the reporting obligations. strengthened capacity of labour administration and ilo constituents to comply with international labour standards ilo-assessed. strengthened capacity of labour administration and ilo constituents to comply with international labour standards and fulfilment of the reporting obligations., outcome 18 - international labour standards: international labour standards are ratified and applied', 'compliance through labour insp. compliance through labour insp. ilo-assessed. compliance through labour insp., outcome 11 - labour administration and labour law: labour administrations apply up to date labour legislation and provide effective services*', ""improved implementation of vanuatu's modernised labour legist=lation in compliance with the international labour standards. improved implementation of vanuatu's modernised labour legist=lation in compliance with the international labour standards. ilo-assessed. improved implementation of vanuatu's modernised labour legist=lation in compliance with the international labour standards., outcome 11 - labour administration and labour law: labour administrations apply up to date labour legislation and provide effective services*""]"
107,2160,107_contribution_voluntary_accord_cadre,"Voluntary contribs: GPE, AVRDC, WorldVEG, UNAID (2018)","['contribution', 'voluntary', 'accord', 'cadre', 'core', 'agreement', '2018', 'volontaire', '2022', 'contributions']","['\nVoluntary contribs: GPE, AVRDC, WorldVEG, UNAID (2018)', '', '', '', '', '', '', '', '', '']","['voluntary contribution to the worldveg voluntary contribution to the worldveg voluntary contribution to the worldveg', 'voluntary contribution to the avrdc voluntary contribution to the avrdc voluntary contribution to the avrdc', 'unitaid unitaid voluntary contribution to unitaid']"
108,2122,108_ukraine_ukrainian_humanitarian_kind,Ukraine Humanitarian Aid,"['ukraine', 'ukrainian', 'humanitarian', 'kind', 'affected', 'displaced', 'conflict', 'war', 'ucrania', 'material']","['\nUkraine Humanitarian Aid', '', '', '', '', '', '', '', '', '']","['convoi médicaments convoi médicaments guerres ukraine', 'a chaîne du bonheur pour ukraine a chaîne du bonheur pour ukraine a chaîne du bonheur pour ukraine', ""chaîne du bonheur chaîne du bonheur guerre d'ukraine""]"
109,4054,109_women_gender_femmes_equality,Women Empowerment & Gender Eq. (Africa),"['women', 'gender', 'femmes', 'equality', 'empowerment', 'girls', 'leadership', 'africa', 'rights', 'tanzania']","['\nWomen Empowerment & Gender Eq. (Africa)', '', '', '', '', '', '', '', '', '']","[""uganda women's network - gender equality & rr uganda women's network - gender equality & rr uganda women's network - gender equality & rr"", ""support for institutions on gender equality and women's  empowerment support for institutions on gender equality and women's  empowerment kenya - nairobi: dept. id- 42100 -- outcome 3: advanced gender equality--   output 10: gbv and harmful practices"", ""gender equality and women's empowerment - gewep uganda gender equality and women's empowerment - gewep uganda empowerment and gender equality for poor and vulnerable women and girls in northern uganda is ensured""]"
110,1978,110_coûteuses_significatives_ponctuelles_credit,Small Info Credits for Various Comps (G),"['coûteuses', 'significatives', 'ponctuelles', 'credit', 'informative', 'peu', 'organisationnelles', 'termes', 'diverses', 'composantes']","['\nSmall Info Credits for Various Comps (G)', '', '', '', '', '', '', '', '', '']","[""bf54 - csps lumineux - 81069592 - small action credit bf54 - csps lumineux - 81069592 - small action credit les crédits globaux pour petites actions permettent le financement d'opérations ponctuelles, peu coûteuses, significatives en termes de développement, à composantes diverses (techniques, sociales, organisationnelles et de gestion, politique, économique, informative, etc.)"", ""bf54 - anndal - small action credit bf54 - anndal - small action credit les crédits globaux pour petites actions permettent le financement d'opérations ponctuelles, peu coûteuses, significatives en termes de développement, à composantes diverses (techniques, sociales, organisationnelles et de gestion, politique, économique, informative, etc.)"", ""monastère - small action credit monastère - small action credit les crédits globaux pour petites actions permettent le financement d'opérations ponctuelles, peu coûteuses, significatives en termes de développement, à composantes diverses (techniques, sociales, organisationnelles et de gestion, politique, économique, informative, etc.)""]"
111,2785,111_welfare_social_services_sociaux,Social Welfare Servs,"['welfare', 'social', 'services', 'sociaux', 'fund', 'investment', 'divers', 'infrastructure', 'delivery', 'sociale']","['\nSocial Welfare Servs', '', '', '', '', '', '', '', '', '']","['hamsunfilm-markeringer social/welfare services ', 'jovroce/project kinderopvang t social/welfare services ', 'meerjarige financiering: soh/k social/welfare services ']"
112,2057,112_private_sector_growth_accelerated,"Private Sector Dev (Growth, Support)","['private', 'sector', 'growth', 'accelerated', 'enterprise', 'markets', 'business', 'competitiveness', 'productivity', 'development']","['\nPrivate Sector Dev (Growth, Support)', '', '', '', '', '', '', '', '', '']","['1.5 private sector and crbp 1.5 private sector and crbp 1.5 private sector and crbp', 'private sector developmen private sector developmen ', 'konsulentoppdrag priv.sektor private sector ']"
113,1899,113_film_festival_cinema_films,"Film Festivals: EU, Locarno, Arabic, Docs","['film', 'festival', 'cinema', 'films', 'cinéma', 'documentary', 'cine', 'filmmakers', 'diffusion', 'documentaire']","['\nFilm Festivals: EU, Locarno, Arabic, Docs', '', '', '', '', '', '', '', '', '']","['festival du film européen festival du film européen organisation du festival du film européen, lors de la journée de l europe', 'filmfestival locarno film festival locarno filmfestival locarno', 'festival du film franco-arabe festival du film franco-arabe ']"
114,2156,114_family_planning_reproductive_02,Family Planning FP Output Reduce Expand,"['family', 'planning', 'reproductive', '02', 'fp', 'output', 'reducing', 'contraceptives', 'unintended', 'abortion']","['\nFamily Planning FP Output Reduce Expand', '', '', '', '', '', '', '', '', '']","['familienplanung family planning familienplanung', ' family planning, calcutta ', 'family planning rfa - family planning and reproductive health family planning rfa - family planning and reproductive health family planning rfa']"
115,5016,115_primary_education_enseignement_basic,Primary Ed. Basic EDU. Proj.,"['primary', 'education', 'enseignement', 'basic', 'degré', 'scolaire', 'secondary', 'primaire', 'secondaire', 'établissements']","['\nPrimary Ed. Basic EDU. Proj.', '', '', '', '', '', '', '', '', '']","['basic education centraal/human primary education ', 'basic education centraal/allia primary education ', 'basic education, 4115 primary education ']"
116,1857,116_amazon_amazonia_amazonas_amazonian,Amazon Indigenous Conservation,"['amazon', 'amazonia', 'amazonas', 'amazonian', 'indigenous', 'amazonía', 'amazonie', 'peruvian', 'biodiversity', 'conservation']","['\nAmazon Indigenous Conservation', '', '', '', '', '', '', '', '', '']","['rainforest conservation in the amazon rainforest conservation in the amazon das otca-generalsekretariat und relevante organisationen, institutionen und netzwerke bewirken die gestaltung und umsetzung einer am leitbild der nachhaltigkeit orientierten, länderübergreifenden naturressourcenpolitik für den amazonasraum.', 'hivos and amazon frontlines hivos and amazon frontlines hivos and amazon frontlines', 'rainforest conservation in the amazon rainforest conservation in the amazon das otca–generalsekretariat und relevante organisationen, institutionen und netzwerke bewirken die gestaltung einer am leitbild der nachhaltigkeit orientierten, länderübergreifenden naturressourcenpolitik für den amazonasraum.']"
117,2098,117_rehabilitation_road_roads_route,Road Rehab Proj - 10km Maintenance,"['rehabilitation', 'road', 'roads', 'route', 'réhabilitation', 'km', 'maintenance', 'transport', 'travaux', 'highway']","['\nRoad Rehab Proj - 10km Maintenance', '', '', '', '', '', '', '', '', '']","['road rehabilitation maai mahiu-narok road rehabilitation maai mahiu-narok road rehabilitation maai mahiu-narok', 'touba-dahra- linguere road rehabilitation touba-dahra- linguere road rehabilitation …', 'the rehabilitation of goudiry - kidira road the rehabilitation of goudiry - kidira road ']"
118,3537,118_mujeres_women_rural_las,Rural Women Empowerment,"['mujeres', 'women', 'rural', 'las', 'femmes', 'empowerment', 'rurales', 'el', 'de', 'sus']","['\nRural Women Empowerment', '', '', '', '', '', '', '', '', '']","['rural women initiatives for transformation and empowerment rural women initiatives for transformation and empowerment rural women initiatives for transformation and empowerment', 'xinjiang wid rural women capacity improvement ', ' rural women assistance ']"
119,3489,119_vicitms_1143_appropriation_refugee,Protection Assist Global Migrants US Appropriation,"['vicitms', '1143', 'appropriation', 'refugee', 'worldwide', 'migration', 'migrants', 'united', 'refugees', 'states']","['\nProtection Assist Global Migrants US Appropriation', '', '', '', '', '', '', '', '', '']","['ope-istambul ope-istambul united states population migration and refugee assistance, appropriation 1143.  protection and assistance needs of refugees, migrants and conflict vicitms worldwide.', 'healtchcare and repatriation healtchcare and repatriation united states population migration and refugee assistance, appropriation 1143.  protection and assistance needs of refugees, migrants and conflict vicitms worldwide.', 'igc igc united states population migration and refugee assistance, appropriation 1143.  protection and assistance needs of refugees, migrants and conflict vicitms worldwide.']"
120,2415,120_agricultural_agricole_training_agriculture,Agric. Ed./Training,"['agricultural', 'agricole', 'training', 'agriculture', 'enseignement', 'formation', 'farmers', 'education', 'technique', 'extension']","['\nAgric. Ed./Training', '', '', '', '', '', '', '', '', '']","['agriculturtural training agricultural training ', 'support for agricultural school tabocas agricultural education/training lehrergehälter für die landwirtschaftsschule angical, bau der landwirtschaftsschule tabocas', ' inades-maroua agricultural training ']"
121,1776,121_nuclear_chernobyl_radioactive_safety,"Nuclear safety, regulatory, waste, capabilities, licensing","['nuclear', 'chernobyl', 'radioactive', 'safety', 'nonproliferation', 'radiation', '01', 'regulatory', 'dept', 'uranium']","['\nNuclear safety, regulatory, waste, capabilities, licensing', '', '', '', '', '', '', '', '', '']","['assessement of the t&t projects, nuclear wastes projects in ukraine and the nuclear safety cooperation in armenia assessement of the t&t projects, nuclear wastes projects in ukraine and the nuclear safety cooperation in armenia review of projects', 'department of energy, international nuclear security department of energy, international nuclear security nuclear security cooperation.', 'ttt-maksut, fortum nuclear services oy energy research ttt-maksut, fortum nuclear services oy']"
122,1890,122_railway_rail_railways_locomotives,Railway Signal & Modernization Projects,"['railway', 'rail', 'railways', 'locomotives', 'ferroviaire', 'transport', 'train', 'line', 'trains', 'tramway']","['\nRailway Signal & Modernization Projects', '', '', '', '', '', '', '', '', '']","['guizhou shuibai railway project guizhou shuibai railway project guizhou shuibai railway project', 'yichang-wanzhou railway project yichang-wanzhou railway project yichang-wanzhou railway project', 'dali-lijiang railway project dali-lijiang railway project dali-lijiang railway project']"
123,2032,123_wildlife_endangered_borders_species,Wildlife Conservation & Endangered Species Without Borders,"['wildlife', 'endangered', 'borders', 'species', 'conservation', 'without', 'illegal', 'jaguar', 'critically', 'trafficking']","['\nWildlife Conservation & Endangered Species Without Borders', '', '', '', '', '', '', '', '', '']","['wildlife conservation wildlife conservation protection of endangered species: carabaya stubfoot toad', 'wildlife conservation wildlife conservation protection of endangered species: shimba hills reed frog', 'wildlife without borders: developing indigenous community wildlife management in the proposed protected area of pino gordo developing indigenous community wildlife management wildlife without borders: developing indigenous community wildlife management in the proposed protected area of pino gordo']"
124,1709,124_coffee_café_farmers_producers,"Coffee Dev for Farmers (Organic, Smallholder)","['coffee', 'café', 'farmers', 'producers', 'production', 'processing', 'organic', 'chain', 'productores', 'cafe']","['\nCoffee Dev for Farmers (Organic, Smallholder)', '', '', '', '', '', '', '', '', '']","['e africa coffee e africa coffee e africa coffee', ' cocoa/coffee development ', 'coffee project buon ma thuot coffee project buon ma thuot ']"
125,4405,125_supply_water_eau_potable,Water Supply Systems,"['supply', 'water', 'eau', 'potable', 'sanit', 'syst', 'drinking', 'large', 'adduction', 'approvisionnement']","['\nWater Supply Systems', '', '', '', '', '', '', '', '', '']","['water supply feasability for ondo to water supply feasability for ondo to ', ' georgetown water supply ', 'water supply water supply water supply']"
126,2219,126_land_tenure_registration_cadastre,"Land admin: registration, use, rights","['land', 'tenure', 'registration', 'cadastre', 'property', 'administration', 'titling', 'terres', 'cadastral', 'management']","['\nLand admin: registration, use, rights', '', '', '', '', '', '', '', '', '']","['modellhafte betriebsentwicklung f.eine ressourcenschonende landwirt.u.rekultivierg. aralseebã–den land resources ', 'land restitution project land restitution project land restitution project', 'mys0391 implem. land registr.system implem. land registr.system ']"
127,1755,127_arab_islamic_arabic_islam,Arab Dev't (EXM-ME),"['arab', 'islamic', 'arabic', 'islam', 'acss', 'muslim', 'expert', 'arabe', 'middle', 'world']","[""\nArab Dev't (EXM-ME)"", '', '', '', '', '', '', '', '', '']","['league of arab states league of arab states ', 'ictd in arab states ictd in arab states ', 'arab planning institue arab planning institue ']"
128,2298,128_2008_2007_adplan_2006,"2008 proj (IPM, HLC, GenCap, LAP/LCF)","['2008', '2007', 'adplan', '2006', 'pkp', '2009', '2010', 'oda', '2011', '2004']","['\n2008 proj (IPM, HLC, GenCap, LAP/LCF)', '', '', '', '', '', '', '', '', '']","['hlc 2008 hlc 2008 hlc 2008', 'gencap 2008 gencap 2008 gencap 2008', 'lap lcf 2008 lap lcf 2008 lap lcf 2008']"
129,1643,129_elephant_elephants_conservation_hec,Asian elephant conservation parks,"['elephant', 'elephants', 'conservation', 'hec', 'asian', 'wildlife', 'park', 'poaching', 'ivory', 'species']","['\nAsian elephant conservation parks', '', '', '', '', '', '', '', '', '']","['asian elephant conserv-species conservation grant asian elephant conserv-species conservation grant law enforcement, law enforcement monitoring, and human - elephant conflict mitigation in kaeng krachan national park, thailand', 'asian elephant conservation fund:  creation of infrastructure for conservation of asian elephant in kaziranga national park asian elephant conservation fund asian elephant conservation fund:  creation of infrastructure for conservation of asian elephant in kaziranga national park', 'conservation of the asian elephant (elephas maximus) in rajaji national park, uttaranchal, india conservation of the asian elephanchal, india multinational species conservation fund, u.s. department of interior, u.s. fish and wildlife service.']"
130,2959,130_technical_technique_assistance_tcf,Technical Assist. (10),"['technical', 'technique', 'assistance', 'tcf', 'facility', 'cooperation', 'asistencia', 'técnica', 'mise', 'appui']","['\nTechnical Assist. (10)', '', '', '', '', '', '', '', '', '']","['technical assistance to the fida tam nong technical assistance to the fida tam nong technical assistance to the fida tam nong', 'assistance technique au programme soum son seun jai du fida assistance technique au programme soum son seun jai du fida technical assistance inputs to sssj', 'assistance technique assistance technique technical assitance']"
131,1795,131_afdb_sector_sub_multi,AfDB Multi-Sect. Inst. Sup.,"['afdb', 'sector', 'sub', 'multi', 'subsector', 'banks', 'appui', 'finance', 'multisector', 'reformes']","['\nAfDB Multi-Sect. Inst. Sup.', '', '', '', '', '', '', '', '', '']","['padsp padsp afdb sector: multi-sector. afdb sub-sector: multi-sector.', ' afdb non-sovereign operation afdb sector: multi-sector. afdb sub-sector: infrastructure.', 'giif giif afdb sector: multi-sector. afdb sub-sector: infrastructure.']"
132,2323,132_fcil_cfli_initiatives_canadien,Local CFLI Small Projects for Poverty Reduction,"['fcil', 'cfli', 'initiatives', 'canadien', 'locales', 'canada', 'fonds', 'projets', 'local', 'proposés']","['\nLocal CFLI Small Projects for Poverty Reduction', '', '', '', '', '', '', '', '', '']","[""canada fund for local initiatives (cfli)  -  ulaan/fonds canadien d'initiatives locales (fcil) -  ulaan canada fund for local initiatives (cfli)  -  ulaan/fonds canadien d'initiatives locales (fcil) -  ulaan the canada fund for local initiatives (cfli) is designed to support small projects proposed and implemented by local organizations in mongolia. in providing funding for small projects that offer direct social, economic, or technical assistance to local populations, the cfli contributes to the overall goal of reducing poverty. / le fonds canadien d'initiatives locales (fcil) vise à appuyer des petits projets proposés et mis en oeuvre par des organisations locales en mongolie. les projets financés par le fcil offrent de l'aide (sociale, économique ou technique) directement à la population locale. le fcil contribue ainsi aux objectifs de réduction de la pauvreté."", ""canada fund for local initiatives (cfli)  - brsla/fonds canadien d'initiatives locales (fcil) - brsla canada fund for local initiatives (cfli)  - brsla/fonds canadien d'initiatives locales (fcil) - brsla the canada fund for local initiatives (cfli) is designed to support small projects proposed and implemented by local organizations in brazil. in providing funding for small projects that offer direct social, economic, or technical assistance to local populations, the cfli contributes to the overall goal of reducing poverty. / le fonds canadien d'initiatives locales (fcil) vise à appuyer des petits projets proposés et mis en oeuvre par des organisations locales en brésil. les projets financés par le fcil offrent de l'aide (sociale, économique ou technique) directement à la population locale. le fcil contribue ainsi aux objectifs de réduction de la pauvreté."", ""canada fund for local initiatives (cfli)  - bucst/fonds canadien d'initiatives locales (fcil) - bucst canada fund for local initiatives (cfli)  - bucst/fonds canadien d'initiatives locales (fcil) - bucst the canada fund for local initiatives (cfli) is designed to support small projects proposed and implemented by local organizations in moldova. in providing funding for small projects that offer direct social, economic, or technical assistance to local populations, the cfli contributes to the overall goal of reducing poverty. / le fonds canadien d'initiatives locales (fcil) vise à appuyer des petits projets proposés et mis en oeuvre par des organisations locales en moldovie. les projets financés par le fcil offrent de l'aide (sociale, économique ou technique) directement à la population locale. le fcil contribue ainsi aux objectifs de réduction de la pauvreté.""]"
133,2937,133_sewerage_wastewater_sewage_treatment,Sewerage Treatment & Disposal,"['sewerage', 'wastewater', 'sewage', 'treatment', 'water', 'waste', 'plant', 'disposal', 'supply', 'sanitation']","['\nSewerage Treatment & Disposal', '', '', '', '', '', '', '', '', '']","['2000si16ppe002 sewerage system and central waste water treatment plant lendava sewerage system and central waste water treatment plant lendava 2000si16ppe002 sewerage system and central waste water treatment plant lendava', 'water supply and sewage treatment j urban water and sewerage ', 'antalya sewerage antalya sewerage construction of sewerage network and wastewater treatment plant in antalya']"
134,2000,134_end_commitmentsto_aids_inequalities,"End AIDS commitments '21-'26: Sustain, enhance, implement","['end', 'commitmentsto', 'aids', 'inequalities', 'sustain', 'strategy', 'political', '2021', 'implement', 'enhance']","[""\nEnd AIDS commitments '21-'26: Sustain, enhance, implement"", '', '', '', '', '', '', '', '', '']","['sustain and enhance political commitmentsto end aids and implement the global aids strategy and end hiv-related inequalities sustain and enhance political commitmentsto end aids and implement the global aids strategy and end hiv-related inequalities cahiers 200p a4 a/spirale', 'sustain and enhance political commitmentsto end aids and implement the global aids strategy and end hiv-related inequalities sustain and enhance political commitmentsto end aids and implement the global aids strategy and end hiv-related inequalities common services for 2021', 'sustain and enhance political commitmentsto end aids and implement the global aids strategy and end hiv-related inequalities sustain and enhance political commitmentsto end aids and implement the global aids strategy and end hiv-related inequalities pfa with aas for wad 2021']"
135,1614,135_torture_penalty_death_abolition,Torture Victims Prev/Rehab,"['torture', 'penalty', 'death', 'abolition', 'victims', 'peine', 'mort', 'against', 'prevention', 'rehabilitation']","['\nTorture Victims Prev/Rehab', '', '', '', '', '', '', '', '', '']","['victims of torture victims of torture victims of torture', 'un conv. on torture human rights ', 'rehabilitation of torture victims and torture prevention rehabilitation of torture victims and torture prevention reference : ddh/2005/098-953-rehabilitation of torture victims and torture prevention']"
136,4058,136_refugees_refugee_sudanese_vicitms,Refugee aid: Protection & Assistance Worldwide,"['refugees', 'refugee', 'sudanese', 'vicitms', '1143', 'appropriation', 'assistance', 'worldwide', 'migrants', 'migration']","['\nRefugee aid: Protection & Assistance Worldwide', '', '', '', '', '', '', '', '', '']","['houstic support for burundian refugees in kibondo tanzania houstic support for burundian refugees in kibondo tanzania united states population migration and refugee assistance, appropriation 1143.  protection and assistance needs of refugees, migrants and conflict vicitms worldwide. [international rescue committee]', 'refugee assistance to eritrean refugees refugee assistance to eritrean refugees united states population migration and refugee assistance, appropriation 1143. protection and assistance needs of refugees, migrants and conflict vicitms worldwide. [international rescue committee]', 'refugee assistance for congoleese refugees refugee assistance for congoleese refugees united states population migration and refugee assistance, appropriation 1143.  protection and assistance needs of refugees, migrants and conflict vicitms worldwide.']"
137,2076,137_human_rights_justice_droits,Human Rights Defenders Africa,"['human', 'rights', 'justice', 'droits', 'defenders', 'burundi', 'legal', 'hrds', 'zimbabwe', 'homme']","['\nHuman Rights Defenders Africa', '', '', '', '', '', '', '', '', '']","['support of the irtc in africa human rights ', 'ghanaian human rights ghanaian human rights ', 'nshr (fsa) human rights mensenrechten namibië']"
138,1700,138_statistics_statistical_64_statistique,"Statistical Capacity Bldg: Kos, Cro, Palop","['statistics', 'statistical', '64', 'statistique', 'statistiques', 'data', 'scb', 'paris21', 'ine', 'uis']","['\nStatistical Capacity Bldg: Kos, Cro, Palop', '', '', '', '', '', '', '', '', '']","['production of statistics production of statistics statistical capacity building', 'evaluation statistics cro statistical capacity building ', 'social statistics statistical capacity building ']"
139,2482,139_reproductive_health_abortion_sexual,Reprod. Health: Avail. Of Care,"['reproductive', 'health', 'abortion', 'sexual', 'increased', 'availability', 'care', 'promotes', 'srh', 'services']","['\nReprod. Health: Avail. Of Care', '', '', '', '', '', '', '', '', '']","['foerderung der reproduktiven gesundheit (alt: 199 325739) reproductive health ', 'chn reproductive health reproductive health ', 'frontiers in reproductive health frontiers in reproductive health ']"
140,1599,140_port_ports_terminal_container,Port Expansion,"['port', 'ports', 'terminal', 'container', 'expansion', 'colombo', 'lae', 'wharf', 'cargo', 'transport']","['\nPort Expansion', '', '', '', '', '', '', '', '', '']","[' dredger , port qasim ', 'port de matsamudu port de matsamudu port de matsamudu', 'lae port lae port ']"
141,1513,141_asian_sca_unspecified_central,SCA Multi-Sector Central Asia ESF,"['asian', 'sca', 'unspecified', 'central', 'affairs', 'bureau', 'department', 'south', 'state', 'multi']","['\nSCA Multi-Sector Central Asia ESF', '', '', '', '', '', '', '', '', '']","['u.s. department of state, bureau of south and central asian affairs\xa0(sca) - multi-sector - unspecified: grant skg10016gr227 u.s. department of state, bureau of south and central asian affairs\xa0(sca) - multi-sector - unspecified: grant skg10016gr227 u.s. department of state, bureau of south and central asian affairs\xa0(sca) - multi-sector - unspecified: grant skg10016gr227 - economic support fund', 'u.s. department of state: bureau of south and central asian affairs (sca) - multi-sector - unspecified: storytelling festivals in astana aktobe and shymk u.s. department of state: bureau of south and central asian affairs (sca) - multi-sector - unspecified: storytelling festivals in astana aktobe and sh u.s. department of state: bureau of south and central asian affairs (sca) - multi-sector - unspecified. assistance for europe, eurasia, and central asia.  storytelling festivals in astana aktobe and shymkent.~information redacted~', 'u.s. department of state, bureau of south and central asian affairs\xa0(sca) - multi-sector - unspecified: kca u.s. department of state, bureau of south and central asian affairs\xa0(sca) - multi-sector - unspecified: kca u.s. department of state, bureau of south and central asian affairs\xa0(sca) - multi-sector - unspecified: kca - economic support fund']"
142,1551,142_rice_riz_edmund_production,Rice/wheatflour value chain,"['rice', 'riz', 'edmund', 'production', 'varieties', 'arroz', 'processing', 'marketing', 'chain', 'farmers']","['\nRice/wheatflour value chain', '', '', '', '', '', '', '', '', '']","[' rice polder,coronie ', ' rice/sorghum ', ' wheatflour / rice ']"
143,2170,143_b7_pvd_2001_epp,"B7 projects '99, '01, '00, '05, '08, ex' (10)","['b7', 'pvd', '2001', 'epp', '2000', 'eppka2', 'psfm', 'cbhe', '99', 'reprise']","[""\nB7 projects '99, '01, '00, '05, '08, ex' (10)"", '', '', '', '', '', '', '', '', '']","['b7-6100/sa/5/99-polimago polimago b7-6100/sa/5/99-polimago', 'b7-3200 sa/1001/000 pdphc b7-3200 sa/1001/000 pdphc b7-3200 sa/1001/000 pdphc', '97mag064 b7-7050  -prom.of indep.&plurmedia prom.of indep.&plurmedia 97mag064 b7-7050  -prom.of indep.&plurmedia']"
144,1893,144_medical_training_austrian_health,Medical edu/train (10),"['medical', 'training', 'austrian', 'health', 'seminars', 'santé', 'teilnehmer', 'education', 'personnel', 'mediziner']","['\nMedical edu/train (10)', '', '', '', '', '', '', '', '', '']","['apefe medical education/training ', 'medical education / training medical education / training medizinische aus- und fortbildung', 'medical education/training medical education/training ']"
145,1684,145_dairy_milk_lait_products,Coop Dairy Prod & Mktg,"['dairy', 'milk', 'lait', 'products', 'production', 'cooperative', 'leche', 'laitiers', 'processing', 'laitière']","['\nCoop Dairy Prod & Mktg', '', '', '', '', '', '', '', '', '']","['cooperative development program (cdp)-land o lakes (lol) -2010 - communications services cooperative development program (cdp)-land o lakes (lol) -2010 - communications services the production and marketing of milk generates income and employment opportunities for millions worldwide and provides an important source of nutrition to women, children and households. dairy cooperatives in both developed and developing countries play a critical role in moving milk from farms to consumer markets. however, increasing global demand for milk and dairy products is attracting both domestic and international competition in dairy producing countries, especially those in east africa, which have a rich history and culture of keeping livestock and cultural acceptance of milk consumption. dairy cooperatives not only must compete with private sector processors, informal sector traders and vendors in the marketplace, but they also have to compete with these same businesses for farmers milk. in response to this competition, a number of dairy cooperatives in developing countries have succeeded in horizontally and/or vertically integrating their operations to achieve scale, increase their competitive position in the marketplace, maximize returns to members, and engender member loyalty.land olakes (lol) assists partner- cooperatives in uganda and kenya in addressing the most pressing issues by facilitating access to solutions that assist cooperatives to effectively manage scale through horizontal and vertical integration. this project also focuses on cooperative development partners (cdp) in creating partnerships that contribute to self-reliant enterprises that meet the needs of participating members.', 'cooperative development program (cdp)-land o lakes (lol) -2010 - inclusive financial markets cooperative development program (cdp)-land o lakes (lol) -2010 - inclusive financial markets the production and marketing of milk generates income and employment opportunities for millions worldwide and provides an important source of nutrition to women, children and households. dairy cooperatives in both developed and developing countries play a critical role in moving milk from farms to consumer markets. however, increasing global demand for milk and dairy products is attracting both domestic and international competition in dairy producing countries, especially those in east africa, which have a rich history and culture of keeping livestock and cultural acceptance of milk consumption. dairy cooperatives not only must compete with private sector processors, informal sector traders and vendors in the marketplace, but they also have to compete with these same businesses for farmers milk. in response to this competition, a number of dairy cooperatives in developing countries have succeeded in horizontally and/or vertically integrating their operations to achieve scale, increase their competitive position in the marketplace, maximize returns to members, and engender member loyalty.land olakes (lol) assists partner- cooperatives in uganda and kenya in addressing the most pressing issues by facilitating access to solutions that assist cooperatives to effectively manage scale through horizontal and vertical integration. this project also focuses on cooperative development partners (cdp) in creating partnerships that contribute to self-reliant enterprises that meet the needs of participating members.', 'cooperative development program (cdp)-land o lakes (lol) -2010 - modern energy services cooperative development program (cdp)-land o lakes (lol) -2010 - modern energy services the production and marketing of milk generates income and employment opportunities for millions worldwide and provides an important source of nutrition to women, children and households. dairy cooperatives in both developed and developing countries play a critical role in moving milk from farms to consumer markets. however, increasing global demand for milk and dairy products is attracting both domestic and international competition in dairy producing countries, especially those in east africa, which have a rich history and culture of keeping livestock and cultural acceptance of milk consumption. dairy cooperatives not only must compete with private sector processors, informal sector traders and vendors in the marketplace, but they also have to compete with these same businesses for farmers milk. in response to this competition, a number of dairy cooperatives in developing countries have succeeded in horizontally and/or vertically integrating their operations to achieve scale, increase their competitive position in the marketplace, maximize returns to members, and engender member loyalty.land olakes (lol) assists partner- cooperatives in uganda and kenya in addressing the most pressing issues by facilitating access to solutions that assist cooperatives to effectively manage scale through horizontal and vertical integration. this project also focuses on cooperative development partners (cdp) in creating partnerships that contribute to self-reliant enterprises that meet the needs of participating members.']"
146,1481,146_fair_comercio_justo_trade,Fair Trade Commerce Justo,"['fair', 'comercio', 'justo', 'trade', 'fairtrade', 'consumo', 'responsable', 'commerce', 'el', 'del']","['\nFair Trade Commerce Justo', '', '', '', '', '', '', '', '', '']","['fair trade fair life promotion of development awareness comercio justo vida justa', 'fair trade fair fair trade fair financiaciã“n de la fiesta del comercio justo que se celebrarã<81> en madrid, compuesto por estands informativos, exposiciones, talleres, etc. con el eje de comercio justo - consumo responsable.', 'fair trade program fair trade program programa anual de comercio justo']"
147,2292,147_volontariat_solidarité_internationale_vsi,Intl Solidarity Volunteers (French NGOs) Mobilization Compl.,"['volontariat', 'solidarité', 'internationale', 'vsi', 'p209', 'volontaires', 'française', 'ong', 'apporté', 'associatifs']","['\nIntl Solidarity Volunteers (French NGOs) Mobilization Compl.', '', '', '', '', '', '', '', '', '']","[""p209 - volontariat - volontariat de solidarité internationale (vsi) - indonesie - ong française p209 - volontariat - volontariat de solidarité internationale (vsi) - indonesie - ong française p209 - volontariat - volontariat de solidarité internationale (vsi) - indonesie - ong française - le soutien du ministère au volontariat international d'échanges et de solidarité est complémentaire de l'appui apporté à la société civile, permettant aux acteurs associatifs de mobiliser des volontaires dans le cadre de leurs actions de développement et d'action humanitaire."", ""p209 - volontariat - volontariat de solidarité internationale (vsi) - mexique - ong française p209 - volontariat - volontariat de solidarité internationale (vsi) - mexique - ong française p209 - volontariat - volontariat de solidarité internationale (vsi) - mexique - ong française - le soutien du ministère au volontariat international d'échanges et de solidarité est complémentaire de l'appui apporté à la société civile, permettant aux acteurs associatifs de mobiliser des volontaires dans le cadre de leurs actions de développement et d'action humanitaire."", ""p209 - volontariat - volontariat de solidarité internationale (vsi) - perou - ong française p209 - volontariat - volontariat de solidarité internationale (vsi) - perou - ong française p209 - volontariat - volontariat de solidarité internationale (vsi) - perou - ong française - le soutien du ministère au volontariat international d'échanges et de solidarité est complémentaire de l'appui apporté à la société civile, permettant aux acteurs associatifs de mobiliser des volontaires dans le cadre de leurs actions de développement et d'action humanitaire.""]"
148,1580,148_metric_tons_value_kg,"Food imports, CCC purchases, metric tons, freight values","['metric', 'tons', 'value', 'kg', 'commodity', 'progress', 'food', 'freight', '50', 'ocean']","['\nFood imports, CCC purchases, metric tons, freight values', '', '', '', '', '', '', '', '', '']","['food -ocean freight value of flour, defatted soy /metric tons: 264 food -ocean freight value of flour, defatted soy /metric tons: 264 food for progress title i commodity credit corporation purchase - ocean freight value of flour, defatted soy (by 50 kg)/metric tons: 264 [through international relief and development]', 'food -  flour, defatted soy /metric tons: 264 food -  flour, defatted soy /metric tons: 264 food for progress title i commodity credit corporation purchase - domestic inland freight value of flour, defatted soy (by 50 kg)/metric tons: 264 [through international relief and development]', 'food -commod value of barley /metric tons: 850 food -commod value of barley /metric tons: 850 food for progress title i commodity credit corporation purchase - commodity value of barley (by 50 kg)/metric tons: 850 [through food for the poor, inc.]']"
149,1516,149_bridge_bridges_construction_pont,Bridge Const. Projects,"['bridge', 'bridges', 'construction', 'pont', 'river', 'reconstruction', 'road', 'ponts', 'padma', 'puente']","['\nBridge Const. Projects', '', '', '', '', '', '', '', '', '']","['construction of the tutin bridge construction of the tutin bridge construction of a bridge', 'gamato bridge const. gamato bridge construction ', 'bridge construction thabok-pakkading bridge constr. thabok-pakkading ']"
150,1930,150_budget_budgétaire_budgetaire_presupuesto,Budget Support - Gen. Budg. Aid,"['budget', 'budgétaire', 'budgetaire', 'presupuesto', 'general', 'programa', 'appui', 'tranches', 'aide', 'support']","['\nBudget Support - Gen. Budg. Aid', '', '', '', '', '', '', '', '', '']","['tokelau budget support / budget support general budget support-related aid ', 'budget support. budget support. general budget support', 'budget support 2014 i budget support 2014 i general budget support 2013']"
151,1451,151_previously_extended_debt_loan,Previously ext. Debt rel. Projects,"['previously', 'extended', 'debt', 'loan', 'relief', 'project', 'would', 'maintenance', 'components', 'rehabilitation']","['\nPreviously ext. Debt rel. Projects', '', '', '', '', '', '', '', '', '']","[""debt relief for previously extended loan for:private sector promotion credit project' debt relief for previously extended loan for:private sector promotion credit project' "", ""debt relief for previously extended loan for:financial rehabilitation credit project' debt relief for previously extended loan for:financial rehabilitation credit project' "", ""debt relief for previously extended loan for:program credit project' debt relief for previously extended loan for:program credit project' ""]"
152,1428,152_ebola_virus_outbreak_leone,Ebola outbreak Sierra Leone response,"['ebola', 'virus', 'outbreak', 'leone', 'sierra', 'response', 'disease', 'evd', 'liberia', 'west']","['\nEbola outbreak Sierra Leone response', '', '', '', '', '', '', '', '', '']","['ebola crisis in west africa - medical personnel and experts deployment - red cross 2014 / crise d ebola en afrique de l ouest - envoi de personnel méd ebola crisis in west africa - medical personnel and experts deployment - red cross 2014 / crise d ebola en afrique de l ouest - envoi de personnel méd november 2014 - on august 8, 2014, the world health organization declared the ebola virus disease (evd) outbreak in west africa an international health emergency. the ebola outbreak started in guinea and spread to liberia and sierra leone. there have been over 15,000 cases of ebola virus in guinea, liberia and sierra leone to date, including more than 5,400 deaths. the current outbreak is unprecedented in terms of its scale, geographic reach, humanitarian impact, as well as its social and economic repercussions. the number of cases and deaths surpass all previous ebola epidemics combined.   with dfatd s support, the canadian red cross society is helping to reduce and control the spread of the ebola virus in guinea, liberia and sierra leone by recruiting, training and deploying medical personnel and emergency experts to ebola-affected countries. project activities include: (1) providing specialised trainings to medical personnel and emergency experts, (2) deploying medical personnel and emergency experts to affected countries, and (3) establishing an ebola coordination cell within the canadian red cross. / novembre 2014 - le 8 août 2014, l organisation mondiale de la santé a déclaré que l éclosion de la maladie à virus ebola en afrique de l ouest était une urgence sanitaire de portée internationale. l éclosion du virus a commencé en guinée et s est propagée au libéria et en sierra leone. ã€ ce jour, on dénombre plus de 15 000 cas d ebola dans ces trois pays, dont plus de 5 400 décès. l éclosion actuelle est sans précédent quant à son ampleur, à sa portée géographique et à ses répercussions sur le plan humanitaire, social et économique. le nombre de cas et de décès dépasse celui de l ensemble des épidémies d ebola précédentes.   avec le soutien du maecd, la société canadienne de la croix-rouge contribue à réduire et à limiter la propagation du virus ebola en guinée, au libéria et en sierra leone grâce au recrutement, à la formation et au déploiement de personnel médical et de spécialistes des urgences dans les pays touchés par le virus. parmi les activités du projet : 1) donner une formation spécialisée au personnel médical et aux spécialistes des urgences, 2) déployer du personnel médical et des spécialistes des urgences dans les pays touchés, 3) établir une cellule de coordination des opérations de lutte contre le virus à la croix-rouge canadienne.', 'ebola crisis in west africa - emergency humanitarian assistance - who 2014 / crise d ebola en afrique de l ouest - assistance humanitaire d urgence - ebola crisis in west africa - emergency humanitarian assistance - who 2014 / crise d ebola en afrique de l ouest - assistance humanitaire d urgence - october 2014 - on august 8, 2014, the world health organization (who) declared the ebola virus disease (evd) outbreak in west africa an international health emergency. the ebola outbreak started in guinea and spread to liberia and sierra leone. there have been over 10,000 cases of ebola virus in guinea, liberia and sierra leone to date, including close to 5,000 deaths. the current outbreak is unprecedented in terms of its scale, geographic reach, humanitarian impact, as well as its social and economic repercussions. the number of cases and deaths surpass all previous ebola epidemics combined.   with dfatd s support, the who is helping to reduce and control the spread of the ebola virus in west africa, and to provide care to those affected. project activities include: (1) ensuring emergency and immediate comprehensive ebola response interventions in countries with initial cases or localized transmission of the virus, (2) strengthening the preparedness of countries through the development of ebola surveillance capacity, as well as through preparedness and response plans for all non-affected african countries, (3) strengthening laboratory capacity in the region and mapping the location and capacity of all laboratories able to test for ebola infection, and (4) strengthening logistical systems for sample shipment and the procurement of essential supplies. / octobre 2014 - le 8 août 2014, l organisation mondiale de la santé (oms) a déclaré que l éclosion de la maladie à virus ebola en afrique de l ouest était une urgence sanitaire de portée internationale. l éclosion du virus ebola a commencé en guinée et s est propagée au libéria et en sierra leone. ã€ ce jour, on dénombre plus de 10 000 cas d ebola en guinée, au libéria et en sierra leone, dont près de 5 000 décès. l éclosion actuelle est sans précédent quant à son ampleur, à sa portée géographique et à ses répercussions sur le plan humanitaire, social et économique. le nombre de cas et de décès dépasse celui de l ensemble des épidémies d ebola précédentes.   avec le soutienbvcx du maecd, l oms contribue à réduire et à limiter la progression du virus ebola en afrique de l ouest et prend soin des personnes touchées. les activités du projet comprennent : 1) assurer d urgence et de façon immédiate la mise en oeuvre de mesures d intervention exhaustives en réaction à l ebola dans les pays ayant un premier cas ou quelques premiers cas, ou bien une transmission localisée du virus, 2) renforcer la préparation dans les pays par le développement de la capacité de surveillance de l ebola ainsi qu au moyen de plans de préparation et d intervention pour tous les pays africains non touchés, 3) renforcer la capacité des laboratoires de la région, cartographier l emplacement de tous les laboratoires capables de dépister l infection à virus ebola et déterminer leur capacité à cet égard, 4) renforcer les systèmes logistiques pour l envoi d échantillons et l achat de fournitures essentielles.', ""ebola crisis in sierra leone - training and sensitization - action against hunger 2014 / crise d'ebola en sierra leone - formation et sensibilisation ebola crisis in sierra leone - training and sensitization - action against hunger 2014 / crise d'ebola en sierra leone - formation et sensibilisation november 2014 - on august 8, 2014, the world health organization declared the ebola virus disease (evd) outbreak in west africa an international health emergency. the ebola outbreak started in guinea and spread to liberia and sierra leone. there have been over 15,000 cases of ebola virus in guinea, liberia and sierra leone to date, including more than 5,400 deaths. the current outbreak is unprecedented in terms of its scale, geographic reach, humanitarian impact, as well as its social and economic repercussions. the number of cases and deaths surpass all previous ebola epidemics combined.   with dfatd's support, action against hunger seeks to help reduce and control the spread of the ebola virus in sierra leone. project activities include: (1) sensitizing communities on improved health and hygiene practices, (2) providing personal protective equipment and training for health staff and community volunteers, (3) improving water, hygiene, and sanitation conditions in public health facilities, and (4) providing support packages of essential household items to affected individuals and families. / novembre 2014 - le 8 aout 2014, l'organisation mondiale de la santé a déclaré que l'éclosion de la maladie à virus ebola en afrique de l'ouest était une urgence sanitaire de portée internationale. l'éclosion du virus ebola a commencé en guinée et s'est propagée au libéria et en sierra leone. à ce jour, on dénombre plus de 15 000 cas d'ebola en guinée, au libéria et en sierra leone, dont plus de 5 400 décès. l'éclosion actuelle est sans précédent quant à son ampleur, à sa portée géographique et à ses répercussions sur le plan humanitaire, social et économique. le nombre de cas et de décès dépasse celui de l'ensemble des épidémies d'ebola précédentes.   avec l'appui du maecd, action contre la faim tente de réduire et de contrôler la propagation du virus ebola en sierra leone. les activités du projet comprennent les suivantes : (1) sensibiliser les collectivités à l'amélioration des pratiques de santé et d'hygiène, (2) fournir du matériel de protection personnelle et de la formation au personnel de santé et aux bénévoles communautaires, (3) améliorer les conditions d'eau, d'hygiène et d'assainissement dans les installations de santé publique, (4) distribuer des trousses d'articles ménagers essentiels aux personnes et aux familles touchées.""]"
153,1756,153_social_protection_floors_socpro,Social Prot./Sec. Extending,"['social', 'protection', 'floors', 'socpro', 'extending', 'sociale', '31100', 'coverage', 'security', 'outcome']","['\nSocial Prot./Sec. Extending', '', '', '', '', '', '', '', '', '']","[' social protection:pension ', 'social security systems improved. contribution of 31100-social protection department (socpro) contribution of 31100-social protection department (socpro)', 'contribution of 31100-social protection department (socpro) contribution of 31100-social protection department (socpro) social security systems  improved.']"
154,1693,154_migration_migrations_migrants_gfmd,Migration & Dev Backstopping,"['migration', 'migrations', 'migrants', 'gfmd', 'immigration', 'migrant', 'irregular', 'migratoires', 'forum', 'iom']","['\nMigration & Dev Backstopping', '', '', '', '', '', '', '', '', '']","['migration and development backstopping migration and development backstopping ', 'migration and development migration and development migration and development', 'migration for kro and mak- sp3 migration ']"
155,5881,155_agricultural_agricole_agriculture_agricoles,"Agric Dev (Agri, Proj)","['agricultural', 'agricole', 'agriculture', 'agricoles', 'production', 'développement', 'development', 'filières', 'van', 'developpement']","['\nAgric Dev (Agri, Proj)', '', '', '', '', '', '', '', '', '']","['agricultural project in tete agricultural development ', 'agriculture development activi agricultural development ', 'agriculture agricultural development ']"
156,1398,156_textile_leather_textiles_fashion,Textile Industry Production,"['textile', 'leather', 'textiles', 'fashion', 'garment', 'industry', 'clothing', 'clothes', 'substitutes', 'textil']","['\nTextile Industry Production', '', '', '', '', '', '', '', '', '']","[' textile mills, quaderia, ta ', 'ami guido textile sarl ami guido textile sarl ami guido textile sarl', ""effondrement du bâtiment d'usine textile effondrement du bâtiment d'usine textile 0""]"
157,1603,157_afdb_agriculture_sub_rural,Agri AFDB Rural Dev,"['afdb', 'agriculture', 'sub', 'rural', 'sector', 'subsector', 'developpement', 'development', 'projet', 'proj']","['\nAgri AFDB Rural Dev', '', '', '', '', '', '', '', '', '']","['eswatini aefpf eswatini aefpf afdb sector: agriculture and rural development. afdb sub-sector: agriculture.', 'pdai de kairouan pdai de kairouan afdb sector: agriculture and rural development. afdb sub-sector: agriculture.', 'palmier a huile et hevea de diecke palmier a huile et hevea de diecke afdb sector: agriculture and rural development.  afdb sub-sector: agriculture.']"
158,1529,158_communications_communication_information_mgmt,Commms Pol Admin Mgmt,"['communications', 'communication', 'information', 'mgmt', 'technology', 'admin', 'ict', 'technologies', 'policy', 'info']","['\nCommms Pol Admin Mgmt', '', '', '', '', '', '', '', '', '']","['communication gouvernementale communications policy & admin. mgmt ', 'dso/icer/appl. communication f communications policy & admin. mgmt ', 'information and communication communications policy & admin. mgmt ']"
159,1773,159_nutrition_output_micronutrient_nutritional,Nutrition output FP42 health food,"['nutrition', 'output', 'micronutrient', 'nutritional', 'health', 'basic', 'ir', 'nut', 'fp', '42']","['\nNutrition output FP42 health food', '', '', '', '', '', '', '', '', '']","['palã„stina tdh/ard el a ernã„hru nutrition ', 'novad tasc - nutrition novad tasc - nutrition novad tasc', ' protein tablets / nutrition ']"
160,1512,160_adults_life_skills_youth,Basic Life Skills Youth/Adults,"['adults', 'life', 'skills', 'youth', 'basic', 'adolescents', 'id', 'education', 'dept', 'formazione']","['\nBasic Life Skills Youth/Adults', '', '', '', '', '', '', '', '', '']","['berufliche und soziale jugendbildung als konfliktprävention in städtischen randlagen basic life skills for youth & adults ', 'frauenbildungsprogramm basic life skills for youth & adults ', 'grundbildung in laendlichen regionen - interkulturelle zweisprachige mayaerziehung basic life skills for youth & adults ']"
161,1379,161_deaf_blind_hearing_impaired,"Blind, Education, Children, Impaired, Visual","['deaf', 'blind', 'hearing', 'impaired', 'visually', 'sign', 'braille', 'language', 'impairment', 'deafblind']","['\nBlind, Education, Children, Impaired, Visual', '', '', '', '', '', '', '', '', '']","[' education for blind children ', 'primary education for blind and visually impaired children in isiolo primary education for blind and visually impaired children in isiolo primary education for blind and visually impaired children in isiolo', 'education for blind people education for blind people access to education for visually impaired and blind people']"
162,1391,162_apes_great_conservation_ape,Great Ape Conservation Parks,"['apes', 'great', 'conservation', 'ape', 'orangutan', 'chimpanzee', 'gorilla', 'chimpanzees', 'park', 'gibbons']","['\nGreat Ape Conservation Parks', '', '', '', '', '', '', '', '', '']","['great ape conservation great ape conservation great ape and human impact monitoring in the lope-waka exceptional priority great ape area, part:1 lope national park', 'great apes conservation fund great apes conservation fund protecting the orangutans of batang ai national park and lanjak-entimau wildlife.sanctuary', 'great ape conservation great ape conservation great ape conservation through ecotourism in nouabale-ndoki national park (republic of congo)']"
163,1899,163_medium_small_enterprises_sized,SME development & policies,"['medium', 'small', 'enterprises', 'sized', 'sme', 'enterprise', 'micro', 'entreprises', 'petites', 'business']","['\nSME development & policies', '', '', '', '', '', '', '', '', '']","['small and medium-sized enterprises (sme) small and medium-sized enterprises (sme) improved policies and programmes on sustainable enterprise development and formalization', 'small and medium-sized enterprises (sme) small and medium-sized enterprises (sme) developpement des micro, petites et moyennes entreprises', 'promotion of small and medium-sized enterprises (sme) promotion of small and medium-sized enterprises (sme) promotion of small and medium-sized enterprises (sme)']"
164,1388,164_partnerships_mobilizationand_innovation_mobilization,Partn. Innov. Mob. UNADS 2021,"['partnerships', 'mobilizationand', 'innovation', 'mobilization', 'uco', 'unaids', '2021', '519', '2020', 'december']","['\n""Partn. Innov. Mob. UNADS 2021""', '', '', '', '', '', '', '', '', '']","['partnerships, mobilization and innovation partnerships, mobilization and innovation lenovo thinkpad usb laser mouse', 'partnerships, mobilization and innovation partnerships, mobilization and innovation otoscope-magnifying glass', 'partnerships, mobilization and innovation partnerships, mobilization and innovation logitech streamcam (2mpx)']"
165,1729,165_coastal_marine_ocean_management,Marine-Coastal Protected Areas Mgmt. (CMB),"['coastal', 'marine', 'ocean', 'management', 'sea', 'zone', 'protected', 'conservation', 'ecosystem', 'biodiversity']","['\nMarine-Coastal Protected Areas Mgmt. (CMB)', '', '', '', '', '', '', '', '', '']","[""coastal and marine environmental management in the coastal & marine environmental mgm't "", 'coastal marine and biodiversity management coastal marine and biodiversity management ', 'marine and coastal environment management marine and coastal environment management marine and coastal environment management']"
166,1712,166_koica_volunteers_male_female,Volunteer Dispatch Textiles Leather Admin Mgt,"['koica', 'volunteers', 'male', 'female', 'dispatch', 'total', 'volunteer', 'new', 'administrative', 'number']","['\nVolunteer Dispatch Textiles Leather Admin Mgt', '', '', '', '', '', '', '', '', '']","['koica volunteers in indonesia for textiles, leather and substitutes koica volunteers in indonesia for textiles, leather and substitutes dispatch of koica volunteers in indonesia for textiles, leather and substitutes.(total: 2, new: 1, male: 0, female: 2)', 'koica volunteers in vietnam for textiles, leather and substitutes koica volunteers in vietnam for textiles, leather and substitutes dispatch of koica volunteers in vietnam for textiles, leather and substitutes(total number of volunteer : 1 new : 1 male : 0 female : 1)', 'koica volunteers in uganda for textiles, leather and substitutes koica volunteers in uganda for textiles, leather and substitutes dispatch of koica volunteers in uganda for textiles, leather and substitutes.(total: 1, new: 1, male: 0, female: 1)']"
167,2488,167_np_zambia_salary_northern,Salaries for civil society strengthening projects in Africa,"['np', 'zambia', 'salary', 'northern', 'uganda', 'lesotho', 'governance', 'clearing', 'coordination', 'malawi']","['\nUGANDA gov Sal, UNAL Lesotho, ZAMBIA NP sal, FINAL SDP UGA sal', '', '', '', '', '', '', '', '', '']","[""zambia northern province - governance - coordination-np governace - jun'07-salary-siyunyi f strengthening civil society zambia northern province - governance - coordination-np governace - jun'07-salary-siyunyi f"", 'uganda country programme  - governance - unallocated - grant to review partners strengthening civil society uganda country programme  - governance - unallocated - grant to review partners', 'uganda country programme  - governance - finalisation of sdp - paye - december salary economic and development policy/planning uganda country programme  - governance - finalisation of sdp - paye - december salary']"
168,1828,168_democratic_democracy_governance_strengthened,Democratic Governance Strengthening,"['democratic', 'democracy', 'governance', 'strengthened', 'accountable', 'institutions', 'more', 'responsive', 'genuinely', 'effective']","['\nDemocratic Governance Strengthening', '', '', '', '', '', '', '', '', '']","['democratic governance assessme democratic governance assessme ', 'democratic governance democratic governance democratic governance', 'constituencies promoting democratic governance strengthened constituencies promoting democratic governance strengthened constituencies promoting democratic governance strengthened democracy / governance democracy / governance civil society-general 2:  democracy and good governance strengthened 2.3:  the development of politically active civil society promoted']"
169,2321,169_commodity_value_metric_tons,"USaid Title II Food Aid Commodities (corn, beans, bulgur)","['commodity', 'value', 'metric', 'tons', 'title', 'vegetable', 'usaid', 'oil', 'corn', 'blend']","['\nUSaid Title II Food Aid Commodities (corn, beans, bulgur)', '', '', '', '', '', '', '', '', '']","['commodity value for cornmeal / metric tons: 2500. commodity value for cornmeal usaid title ii food aid. other emergency', 'commodity value for beans, pinto / metric tons: 1410. commodity value for beans usaid title ii food aid. other emergency', 'commodity value for  cornmeal / metric tons: 2740. commodity value for  cornmeal usaid title ii food aid.  other emergency']"
170,1540,170_credit_bank_ligne_banco,Credit lines to banks,"['credit', 'bank', 'ligne', 'banco', 'crédit', 'loan', 'line', 'crédito', 'banque', 'dev']","['\nCredit lines to banks', '', '', '', '', '', '', '', '', '']","['line of credit to zenith bank plc line of credit to zenith bank plc ', 'zenith bank 3 zenith bank 3 ligne de credit en faveur de zenith bank', 'zenith bank 3 zenith bank plc zenith bank 3 zenith bank plc ligne de credit en faveur de zenith bank => financement de l activite de credit']"
171,1439,171_airport_aeroport_airports_aéroport,Airport Restructuring & Expansion,"['airport', 'aeroport', 'airports', 'aéroport', 'terminal', 'air', 'tribhuvan', 'runway', 'international', 'aeroports']","['\nAirport Restructuring & Expansion', '', '', '', '', '', '', '', '', '']","[' airport restruct., mogadisho ', ' entebbe airport runways rehabilit. ', 'nadzab airport redevelopment project nadzab airport redevelopment project redevelopment of airport']"
172,1399,172_equipment_lot_supply_fourniture,Lot Eqp Suppl Lab/Med Prod/Customs/SSP,"['equipment', 'lot', 'supply', 'fourniture', 'laboratory', 'installation', 'informatiques', 'equipos', 'équipements', 'commissioning']","['\nLot Eqp Suppl Lab/Med Prod/Customs/SSP', '', '', '', '', '', '', '', '', '']","['supply of equipment for testing laboratories for medical products, lot 3 supply of equipment for testing laboratories for medical products, lot 3 lot 3: equipment for laboratory measurement', 'supply of equipment for the national customs laboratory lot 1 supply of equipment for the national customs laboratory lot 1 supply of equipment for the national customs laboratory lot 1', 'supply of equipment for the ssp programme: lot 5 & lot 6 (tender 135853) supply of equipment for the ssp programme: lot 5 & lot 6 (tender 135853) lot 5: road safety equipment  lot 6: equipment for storage of criminal evidence']"
173,2363,173_latin_america_latina_american,Latin Am. Dev. Projects,"['latin', 'america', 'latina', 'american', 'américa', 'caribbean', 'paraguay', 'cooperación', 'desarrollo', 'el']","['\nLatin Am. Dev. Projects', '', '', '', '', '', '', '', '', '']","['lmd phase i latin america lmd phase i latin america ', 'sifem: coreco latin america fund i sifem: coreco latin america fund i ', 'repayments latin america repayments latin america ']"
174,2161,174_peace_conflict_paix_africa,"Peace Bldg Conflict Afr, Burundi","['peace', 'conflict', 'paix', 'africa', 'resolution', 'african', 'conflits', 'peacebuilding', 'burundi', 'mediation']","['\nPeace Bldg Conflict Afr, Burundi', '', '', '', '', '', '', '', '', '']","['peace building and reconciliation program of ubuntu centre for applied social research / burundi civilian peace-building, conflict prevention and resolution friedens- und versöhnungsarbeit des zentrums für angewandte forschung ubuntu / burundi', 'supporting peace processes in africa civilian peace-building, conflict prevention and resolution supporting peace processes in africa', 'peace-building in burundi (binub) civilian peace-building, conflict prevention and resolution peace-building in burundi (binub)']"
175,3011,175_food_refugees_humanitarian_aid,Refugee food aid camps,"['food', 'refugees', 'humanitarian', 'aid', 'refugee', 'assistance', 'camps', 'refugiados', 'alimentaire', 'saharaui']","['\nRefugee food aid camps', '', '', '', '', '', '', '', '', '']","['emergency food aid to the camps of sahrawi refugee population emergency food aid to the camps of sahrawi refugee population paliar el déficit en el suministro de alimentos básicos (aceite, azucar y arroz) a los campamentos de refugiados y refugiadas saharauis', 'emergency food aid for the saharawi refugee camps emergency food aid for the saharawi refugee camps paliar el déficit en el suministro de alimentos básicos (aceite, azucar y arroz) a los campamentos de refugiados y refugiadas saharauis', 'humanitarian aid and food assistance humanitarian aid and food assistance protection and assistance to refugees in the dadaab and kakuma refugee camps in kenya']"
176,1417,176_lgbt_lgbti_lesbian_gay,Social Jus. Gen Op. Trans Rights.,"['lgbt', 'lgbti', 'lesbian', 'gay', 'transgender', 'bisexual', 'lgbtiq', 'rights', 'intersex', 'lgbtq']","['\nSocial Jus. Gen Op. Trans Rights.', '', '', '', '', '', '', '', '', '']","['transgender europe transgender europe programme: social justice. description: general operating support. two years of funding to help increase awareness of the human rights situation of trans and gender-diverse people, particularly those from the global south and east, within international community frameworks. full grant amount: usd 400 thousand.', 'the inner circle the inner circle programme: social justice. description: general operating support. one year of general operating support. full grant amount: usd 200 thousand.', ""gate - global action for trans* equality gate - global action for trans* equality programme: social justice. description: general operating support. one year of general operating support for strategic planning and strengthening of policies and procedures needed to complete gate's transition into an independent nonprofit organization. full grant amount: usd 100 thousand.""]"
177,1552,177_fruit_seed_production_fruits,Seed Production,"['fruit', 'seed', 'production', 'fruits', 'seeds', 'crop', 'semences', 'processing', 'vegetables', 'vegetable']","['\nSeed Production', '', '', '', '', '', '', '', '', '']","[' yatenga local seed production ', ' sorghum seed production ', 'foerderung des saatgutsektors (alt 8735706) support to seed production ']"
178,1369,178_parliamentary_parliament_parliaments_legislative,Parliamentary Capacity Building,"['parliamentary', 'parliament', 'parliaments', 'legislative', 'parliamentarians', 'parlement', 'oversight', 'legislatures', 'assembly', 'assemblies']","['\nParliamentary Capacity Building', '', '', '', '', '', '', '', '', '']","['parliamentary strengthening program (psp) parliamentary strengthening program (psp) theworld bank institutes(wbi) parliamentary strengthening program (psp) seeks to enhance the capacity of parliaments to effectively perform their functions (oversight, representation and lawmaking) to better contribute to open and collaborative development. the three approaches to parliamentary capacity building areindividual(members of parliament (mps)/ professional parliamentary staff),institutional(whole-of-institution/ parliamentary administration/ committees), and through regional and globalnetworksof like-minded members of parliament and committees.', 'parliamentary support project parliamentary support project parliament project', 'ethiopia parliament ethiopia parliament federal parliament and mps more effective in consulting with civil society, overseeing government and ensuring its accountability to the rule of law and other democratic principles   strengthened parliamentary committees, the establishment of a parliamentary centre, establishment of a hr commission, support for joint undp donors parliamentary project.']"
179,1698,179_vietnam_vietnamese_hanoi_laos,Vietnam Dev Prog (CP),"['vietnam', 'vietnamese', 'hanoi', 'laos', 'pdr', 'ri', 'vn', 'cambodia', 'viet', 'pmt']","['\nVietnam Dev Prog (CP)', '', '', '', '', '', '', '', '', '']","[' deleg.  from vietnam ', 'mcg: gctf, vietnam mcg: gctf, vietnam mcg: gctf, vietnam', 'vietnam adcos vietnam adcos ']"
180,1565,180_swedish_sweden_norway_understanding,"Norway '11-'14 N-S info actvities: Poverty, Int'l Roles","['swedish', 'sweden', 'norway', 'understanding', 'sida', '2011', 'norwegian', '2014', 'syd', 'stockholm']","[""\nNorway '11-'14 N-S info actvities: Poverty, Int'l Roles"", '', '', '', '', '', '', '', '', '']","['north-south information activities, norwegain curch aid 2011-2014 north-south information activities, norwegain curch aid 2011-2014 framework agreement on information 2011 - 2014 to promote public understanding of development issues in norway, with a focus on one or more of the following objectives: • building knowledge and understanding of the major challenges and prospects for development, in particular the challenge of reducing poverty.  • promoting recognition of the progress so far made, and that further progress is affordable, achievable, and most of all vital.  • building understanding of our global interdependence by generating critical analysis of causal connections between the north and south • building understanding of the role that individuals can play, enabling them to make informed choices with the knowledge of how their actions impact on the world around them.', 'north-south information activities, forum for utvikl og miljë 2011-2014 north-south information activities, forum for utvikl og miljë 2011-2014 framework agreement on information 2011 - 2014 to promote public understanding of development issues in norway, with a focus on one or more of the following objectives:« building knowledge and understanding of the major challenges and prospects for development, in particular the challenge of reducing poverty. « promoting recognition of the progress so far made, and that further progress is affordable, achievable, and most of all vital. « building understanding of our global interdependence by generating critical analysis of causal connections between the north and south« building understanding of the role that individuals can play, enabling them to make informed choices with the knowledge of how their actions impact on the world around them.', 'north-south information activities, unicef norway 2011-2014 north-south information activities, unicef norway 2011-2014 framework agreement on information 2011 - 2014 to promote public understanding of development issues in norway, with a focus on one or more of the following objectives:• building knowledge and understanding of the major challenges and prospects for development, in particular the challenge of reducing poverty. • promoting recognition of the progress so far made, and that further progress is affordable, achievable, and most of all vital. • building understanding of our global interdependence by generating critical analysis of causal connections between the north and south• building understanding of the role that individuals can play, enabling them to make informed choices with the knowledge of how their actions impact on the world around them.']"
181,7657,181_sanitation_eau_drinking_potable,Drinking Water Supply & Basic Sanitation,"['sanitation', 'eau', 'drinking', 'potable', 'water', 'supply', 'assainissement', 'agua', 'basic', 'approvisionnement']","['\nDrinking Water Supply & Basic Sanitation', '', '', '', '', '', '', '', '', '']","['integrierte fachkraft basic drinking water supply and basic sanitation ', 'onderzoekssamenwerking noord-z basic drinking water supply and basic sanitation ', 'reactivaciã“n econã“mica de fami basic drinking water supply and basic sanitation ']"
182,1282,182_eye_blindness_ocular_oftalmológica,Eye health services,"['eye', 'blindness', 'ocular', 'oftalmológica', 'visual', 'cataract', 'ophthalmology', 'ceguera', 'óptica', 'salud']","['\nEye health services Ethiopia Phase 2', '', '', '', '', '', '', '', '', '']","[' primary eye care ', 'training in basic eye care for training in basic eye care ', 'eye health eye health ']"
183,1326,183_labour_child_labor_worst,Worst Forms Child Labor Eliminated,"['labour', 'child', 'labor', 'worst', 'forms', 'elimination', 'infantil', 'trabajo', 'ipec', 'travail']","['\nWorst Forms Child Labor Eliminated', '', '', '', '', '', '', '', '', '']","['worst forms of  child labour eliminated worst forms of  child labour eliminated ilo-assessed. worst forms of  child labour eliminated, outcome 16 - child labour: child labour is eliminated, with priority being given to the worst forms', 'combating the worst forms of child labor in india combating the worst forms of child labor in india converging against child labour: support for indias model - through international labour organisation.', 'worst forms of child labour eliminated worst forms of child labour eliminated ilo - rbsa. worst forms of child labour eliminated, outcome 16 - child labour: child labour is eliminated, with priority being given to the worst forms']"
184,1291,184_polio_eradication_immunization_poliomyélite,Polio eradication PKG UNICEF vaccine WHO,"['polio', 'eradication', 'immunization', 'poliomyélite', 'poliovirus', 'vaccination', 'vaccine', 'poliomyelitis', 'éradication', 'gpei']","['\nPolio eradication PKG UNICEF vaccine WHO', '', '', '', '', '', '', '', '', '']","['ac260polio eradication12250 ac260polio eradication12250 polio eradication', 'ac282polio eradication ac282polio eradication polio eradication', '1.5 polio eradication 1.5 polio eradication 1.5 polio eradication.  pakistan']"
185,3452,185_narcotics_enforcement_law_affairs,Intl Law Enf Affairs Services,"['narcotics', 'enforcement', 'law', 'affairs', 'bureau', 'inl', 'international', 'covers', 'contractual', 'department']","['\nIntl Law Enf Affairs Services', '', '', '', '', '', '', '', '', '']","['bureau of international narcotics and law enforcement affairs - digitus biometrics project bureau of international narcotics and law enforcement affairs - digitus biometrics project u.s. department of state: bureau of international narcotics and law enforcement affairs. digitus biometrics project[covers miscellaneous contractual services not otherwise classified.]', 'bureau of international narcotics and law enforcement affairs - aqm atn saqmma17f0792 bureau of international narcotics and law enforcement affairs - aqm atn saqmma17f0792 u.s. department of state: bureau of international narcotics and law enforcement affairs. aqm atn saqmma17f0792[covers miscellaneous contractual services not otherwise classified.]', 'bureau of international narcotics and law enforcement affairs - fy21 aqm surcharges incle bureau of international narcotics and law enforcement affairs - fy21 aqm surcharges incle u.s. department of state: bureau of international narcotics and law enforcement affairs. [covers miscellaneous contractual services not otherwise classified.]']"
186,1505,186_eurasian_eur_unspecified_european,EUR Multi Sector EUA FY17,"['eurasian', 'eur', 'unspecified', 'european', 'multi', 'department', 'eurasia', 'bureau', 'state', 'affairs']","['\nEUR Multi Sector EUA FY17', '', '', '', '', '', '', '', '', '']","['u.s. department of state: bureau of european and eurasian affairs (eur) - multi-sector - unspecified: togethering u.s. department of state: bureau of european and eurasian affairs (eur) - multi-sector - unspecified: togethering u.s. department of state: bureau of european and eurasian affairs (eur) - multi-sector - unspecified. assistance for europe, eurasia, and central asia. togethering ~information redacted~', 'u.s. department of state: bureau of european and eurasian affairs (eur) - multi-sector - unspecified: hackcorruption hackathon u.s. department of state: bureau of european and eurasian affairs (eur) - multi-sector - unspecified: hackcorruption hackathon u.s. department of state: bureau of european and eurasian affairs (eur) - multi-sector - unspecified. assistance for europe, eurasia, and central asia. hackcorruption hackathon~information redacted~', 'u.s. department of state: bureau of european and eurasian affairs (eur) - multi-sector - unspecified: cealalta basarabie 2 u.s. department of state: bureau of european and eurasian affairs (eur) - multi-sector - unspecified: cealalta basarabie 2 u.s. department of state: bureau of european and eurasian affairs (eur) - multi-sector - unspecified. assistance for europe, eurasia, and central asia. cealalta basarabie 2~information redacted~']"
187,1477,187_misean_cara_missionary_imrs,Misean Cara dev project support,"['misean', 'cara', 'missionary', 'imrs', 'missionaries', 'irish', 'governance', 'some', 'funding', 'used']","['\nCara dev proj supp S Am, Africa Asia, 6mths prot meas', '', '', '', '', '', '', '', '', '']","['misean cara - governence - support to irish based ngos - imrs - general - empowerment of the people of mbikko-rural development1gov-governance-zz-not analysed empowerment of the people of mbikko-rural development1gov-governance this funding will be used to support the work of irish missionaries in some 90 developing countries. governance and oversight was strengthened in 2010 through meetings held every six months with the board of misean cara to review benchmarks around governance, enhanced child protection measures and project quality issues.', 'misean cara - loreto rumbek misean cara - loreto rumbek support to missionary organisations - civil society-imrs - this funding will be used to support the work of irish missionaries in some 50 developing countries.  -misean cara - loreto rumbek-', 'misean cara - chipata hbc misean cara - chipata hbc support to missionary organisations - civil society-imrs - this funding will be used to support the work of irish missionaries in some 50 developing countries.  -misean cara - chipata hbc-']"
188,1666,188_français_francophonie_enseignement_franã,French education support,"['français', 'francophonie', 'enseignement', 'franã', 'ais', 'france', 'domaine', 'francais', 'langue', 'francophones']","['\nFrench education support', '', '', '', '', '', '', '', '', '']","['enseignement du français dans le système scolaire - formation - actions dans le domaine du français enseignement du français dans le système scolaire - formation - actions dans le domaine du français enseignement du français dans le système scolaire - formation - actions dans le domaine du français - algerie', ""appui à l'enseignement du français appui à l'enseignement du français "", 'enseignement du français dans les if et les associations - formation - actions dans le domaine du français enseignement du français dans les if et les associations - formation - actions dans le domaine du français enseignement du français dans les if et les associations - formation - actions dans le domaine du français - algerie']"
189,1374,189_loan_smes_fif_sme,"SME loans, bank, Turkey","['loan', 'smes', 'fif', 'sme', 'bank', 'geff', 'rsf', 'senior', 'caps', 'million']","['\nSME loans, bank, Turkey', '', '', '', '', '', '', '', '', '']","['akbank loan for midcaps and smes akbank loan for midcaps and smes sme and mid-cap loan to finance small and medium-scale projects to be carried out by smes and mid-caps in turkey.', 'finansbank loan for smes finansbank loan for smes global loan', 'yapi kredi bank loan for smes yapi kredi bank loan for smes dedicated eib loan for smes for the financing of small and medium sized projects in turkey.']"
190,1234,190_banana_palm_oil_bananes,Palm Oil Production,"['banana', 'palm', 'oil', 'bananes', 'sfa', 'banane', 'bananas', 'plantations', '8710', 'production']","['\nPalm Oil Production', '', '', '', '', '', '', '', '', '']","[' oil palm and coconut ', ' twifo oil palm developmnt ', 'crude palm oil crude palm oil crude palm oil']"
191,1325,191_tsunami_reconstruction_sri_lanka,Tsunami reconstruction SRI LKA-ACEH-TMIL NADU 2004,"['tsunami', 'reconstruction', 'sri', 'lanka', 'aceh', 'relief', 'affected', '2004', 'tamil', 'nadu']","['\nTsunami reconstruction SRI LKA-ACEH-TMIL NADU 2004', '', '', '', '', '', '', '', '', '']","['tsunami - reconstruction of schools in calang tsunami - reconstruction of schools in calang tsunami: wiederherstellung von schulen in calang', 'reconstruction tsunami emergency food aid wiederaufbau tsunami - reconstruction tsunami -  -', 'tsunami reconstruction aid tsunami reconstruction aid tsunami: wiederaufbaumaãÿnahmen']"
192,2593,192_resilience_résilience_resilient_communities,Resilience Communities,"['resilience', 'résilience', 'resilient', 'communities', 'disaster', 'building', 'vulnerable', 'community', 'communautés', 'recovery']","['\nResilience Communities', '', '', '', '', '', '', '', '', '']","['strengthening resilience of kalasha communities strengthening resilience of kalasha communities ', 'economic resilience economic resilience economic resilience', ""resilience of muanda's communi resilience of muanda's communi -""]"
193,4858,193_hiv_aids_prevention_treatment,HIV/AIDS Prev./Care Africa,"['hiv', 'aids', 'prevention', 'treatment', 'care', 'vih', 'sida', 'africa', 'epidemic', 'std']","['\nHIV/AIDS Prev./Care Africa', '', '', '', '', '', '', '', '', '']","['assistance for hiv/aids assistance for hiv/aids strengthened response to hiv/aids in southern africa', ' hiv/aids prevention in africa ', 'hiv/aids programme in africa hiv/aids programme in africa hiv/aids programme in africa']"
194,2334,194_mtns_sponsor_ocean_commodities,"Ocean freight AP flour aid, sponsors Care, STC, AKF","['mtns', 'sponsor', 'ocean', 'commodities', 'freight', 'food', 'pl', 'voluntary', '480', 'packages']","['\nOcean freight AP flour aid, sponsors Care, STC, AKF', '', '', '', '', '', '', '', '', '']","['agriculture - food for progress - ccc funded - ocean freight food security programmes/food aid : agriculture - ocean freight ocean freight  sponsor: care   2250 mtns of ap flour in packages of 50 kg', 'agriculture - food for progress - ccc funded - ocean freight food security programmes/food aid : agriculture - ocean freight ocean freight  sponsor: stc   1950 mtns of ap flour in packages of 50 kg', 'agriculture - food for progress - ccc funded - ocean freight food security programmes/food aid : agriculture - ocean freight ocean freight  sponsor: akf   1550 mtns of ap flour in packages of 50 kg']"
195,1200,195_jpo_junior_officer_professional,JPO-IntlOrgs-3yrs-Sweden-UNDP,"['jpo', 'junior', 'officer', 'professional', 'officers', 'associé', 'sarc', 'sweden', 'swedish', 'jpos']","['\nJPO-IntlOrgs-3yrs-Sweden-UNDP', '', '', '', '', '', '', '', '', '']","['jpo - junior professional officer jpo - junior professional officer 3rd year jpo, theran', 'jpo - junior professional officer jpo - junior professional officer 1st  year jpo, yaounde', 'jpo - junior professional officer jpo - junior professional officer 3rd year jpo, vienna']"
196,1224,196_biomass_biogas_biofuels_energy,Bioenergy production from waste,"['biomass', 'biogas', 'biofuels', 'energy', 'bioenergy', 'biofuel', 'bio', 'production', 'biodiesel', 'fuel']","['\nBioenergy production from waste', '', '', '', '', '', '', '', '', '']","['biomas energy production biomas energy production biomass energy production', 'integrated renewable biomass energy development sector project integrated renewable biomass energy development sector project product type: libor based loan. asdb internal sector description: multisector.     the project will improve the performance of the biogas subsector through the demonstration of an integrated renewable biomass energy system in the poor rural areas of heilongjiang, henan, jiangxi, and shandong provinces, where the densities of livestock are almost triple the national average and the pollution problems from livestock farms and agro-enterprises are severe. there are 66 national poverty counties and 131 provincial poverty counties in the four participating provinces, with a poor population of about 9 million. about 43% of the projects subprojects are located in these poor counties. the project consists of four components: (i) sustainable development and demonstration of commercial practices of medium- and large-scale biogas plants (mlbgps), (ii) effective utilization of biogas sludge in eco-farming, (iii) capacity development for improved sector performance, and (iv) project implementation support. the project will assist about 118 medium-sized and large livestock farms and agro-enterprises in constructing biogas plants, and introduce a new technical specification to the plant design. the new specification involves the installation of high-temperature flares in the mlbgps to minimize the methane gas emissions during maintenance and emergencythis has been a common standard in developed countries but not yet in the prc. the project will also demonstrate business models of centralized biogas plant systems to improve their cost-effectiveness, and technical and environmental performances, and assist 25 subprojects to overcome barriers to connect to local power grids to maximize the benefits of biogas power generation. the project will also support subprojects in manufacturing of bio-fertilizers from the biogas sludge and in eco-farming to achieve the governments goal of circular economy, which is to reuse and recycle organic waste in rural areas, and improve livelihoods in the project area. capacity development activities will be carried out to (i) strengthen technical service systems and human resources for biogas plant design, operation, and maintenance in the participating provinces, (ii) demonstrate best design and operational practices of mlbgps, and (iii) develop a performance monitoring system to improve the subsector performance. the project will also support the mlbgps in connecting and selling electricity to the local power grids. the revenue of the power sale will help improve the financial viability of the mlbgps.the project will provide consulting services to assist in the review of subproject preparation and implementation to ensure timely and effective project implementation.', 'integrated renewable biomass energy development project integrated renewable biomass energy development project the project will improve the performance of the biogas subsector through the demonstration of an integrated renewable biomass energy system in the poor rural areas of heilongjiang, henan, jiangxi, and shandong provinces, where the densities of livestock are almost triple the national average and the pollution problems from livestock farms and agro-enterprises are severe. there are 66 national poverty counties and 131 provincial poverty counties in the four participating provinces, with a poor population of about 9 million. about 43% of the project s subprojects are located in these poor counties. the project consists of four components: (i) sustainable development and demonstration of commercial practices of medium- and large-scale biogas plants (mlbgps), (ii) effective utilization of biogas sludge in eco-farming, (iii) capacity development for improved sector performance, and (iv) project implementation support. the project will assist about 118 medium-sized and large livestock farms and agro-enterprises in constructing biogas plants, and introduce a new technical specification to the plant design. the new specification involves the installation of high-temperature flares in the mlbgps to minimize the methane gas emissions during maintenance and emergency this has been a common standard in developed countries but not yet in the prc. the project will also demonstrate business models of centralized biogas plant systems to improve their cost-effectiveness, and technical and environmental performances, and assist 25 subprojects to overcome barriers to connect to local power grids to maximize the benefits of biogas power generation. the project will also support subprojects in manufacturing of bio-fertilizers from the biogas sludge and in eco-farming to achieve the government s goal of  circular economy,  which is to reuse and recycle organic waste in rural areas, and improve livelihoods in the project area. capacity development activities will be carried out to (i) strengthen technical service systems and human resources for biogas plant design, operation, and maintenance in the participating provinces, (ii) demonstrate best design and operational practices of mlbgps, and (iii) develop a performance monitoring system to improve the subsector performance. the project will also support the mlbgps in connecting and selling electricity to the local power grids. the revenue of the power sale will help improve the financial viability of the mlbgps.the project will provide consulting services to assist in the review of subproject preparation and implementation to ensure timely and effective project implementation.']"
197,2035,197_sudan_south_soudan_peace,South Sudan Peace Process,"['sudan', 'south', 'soudan', 'peace', 'sudanese', 'conflict', 'southern', 'referendum', 'igad', 'process']","['\nSouth Sudan Peace Process', '', '', '', '', '', '', '', '', '']","['euavsec south sudan euavsec south sudan euavsec south sudan', 'rri south sudan rri south sudan rri south sudan', 'south sudan fld south sudan fld ']"
198,1512,198_expert_studies_fund_study,Expert Fund Studies,"['expert', 'studies', 'fund', 'study', 'experts', 'fonds', 'measures', 'études', 'studien', 'preparation']","['\nExpert Fund Studies', '', '', '', '', '', '', '', '', '']","['study and expert fund study and expert fund implementation of individual measures for the assessment and preparation of projects and production of studies and appraisals.', ' studies/expert fund ', 'studies and expert fund studies and expert fund studien- und fachkräftefonds']"
199,1944,199_road_route_roads_transportation,Rural road construction,"['road', 'route', 'roads', 'transportation', 'highway', 'kfaed', 'construction', 'section', 'project', 'internal']","['\nRural road construction', '', '', '', '', '', '', '', '', '']","[""masaka - bukakata' road masaka - bukakata' road masaka - bukakata road project"", ""massaguet - n'goura road massaguet - n'goura road construction et bitumage de la route."", 'akpro - misserete road (al) akpro - misserete road (al) route akpro misserete - dangbo - kpedekpo a.l.']"
200,1198,200_australian_scholarships_awards_australia,AusAid Scholarships Initiative '06-'17 ($306M),"['australian', 'scholarships', 'awards', 'australia', 'ads', 'intake', 'ausaid', 'starting', 'pacific', 'initiative']","[""\nAusAid Scholarships Initiative '06-'17 ($306M)"", '', '', '', '', '', '', '', '', '']","[""australia awards: indonesia development scholarships australia awards: indonesia development scholarships australian scholarships (as) is a five year initiative combining scholarship programs managed by dest and ausaid under the one banner. as comprises three key scholarships programs: dest's endeavour scholarships, ausaid's australian development scholarships (ads) and the new australian leadership awards (ala) also managed by ausaid. this initiative funds the administration, program costs and management of australian scholarships programs. the total value of this initiative is $306.0 million over 12 years, starting 2006-07."", ""australia awards: australian leadership scholarships australia awards: australian leadership scholarships australian scholarships (as) is a five year initiative combining scholarship programs managed by dest and ausaid under the one banner. as comprises three key scholarships programs: dest's endeavour scholarships, ausaid's australian development scholarships (ads) and the new australian leadership awards (ala) also managed by ausaid. this initiative funds the administration, program costs and management of australian scholarships programs. the total value of this initiative is $306.0 million over 12 years, starting 2006-07."", ""australia awards: wallis and futuna development scholarships australia awards: wallis and futuna development scholarships australian scholarships (as) is a five year initiative combining scholarship programs managed by dest and ausaid under the one banner. as comprises three key scholarships programs: dest's endeavour scholarships, ausaid's australian development scholarships (ads) and the new australian leadership awards (ala) also managed by ausaid. this initiative funds the administration, program costs and management of australian scholarships programs. the total value of this initiative is $306.0 million over 12 years, starting 2006-07.""]"
201,1708,201_reconstruction_recovery_relief_réhabilitation,"Reconstr. Relief NE, Aid Recovery","['reconstruction', 'recovery', 'relief', 'réhabilitation', 'aide', 'rehabilitation', 'early', 'establish', 'assistance', 'restoration']","['\nReconstr. Relief NE, Aid Recovery', '', '', '', '', '', '', '', '', '']","['eper reconstruction kiwus reconstruction relief eper reconstruction kiwus', 'lbn recovery ii srsa           bia support reconstruction relief lbn recovery ii srsa           bia support', ' reconstruction relief recovery assistance']"
202,1316,202_veterinary_animal_livestock_vet,Vet Anim Health Lab Transb Control Surveil,"['veterinary', 'animal', 'livestock', 'vet', 'oie', 'disease', 'diseases', 'animale', 'animales', 'laboratory']","['\nVet Anim Health Lab Transb Control Surveil', '', '', '', '', '', '', '', '', '']","['mongolia animal health and veterinary services support mongolia animal health and veterinary services support fao has been requested to provide additional support to the gom to help move these initiatives forward. these areas of fao support will include:a. advice on veterinary legislation, including an analysis of the existing regulatory framework for animal health, veterinary public health, management of animal genetic resources, and topics of special regulatory concern (e.g., antimicrobial resistance and residue detection) considering international standards, practices and norms. review and revision of the existing draft laws on animal health and animal genetic resources, andb. advice on strengthening the national veterinary system and enhancing their capacities to prevent, detect and control high impact diseases including building on mongolia?s one health legal framework.', 'animal health and veterinary science  services animal health and veterinary science  services to make available to poor livestock farmers in low income countries ( lics) animal health products that are affordable and suitable to support basic and strategic biological and biotechnological research in animal health that contributes to the achievemen', 'support to the veterinary sector support to the veterinary sector the purposes of the contract are:   - to strengthen the legislative, institutional and administrative capacities related to animal health, animal welfare, trade in animals and products of animal origin, official controls and animal by-products    - to further align and enforce the eu veterinary standards and eradicate certain animal diseases']"
203,1218,203_bio_fonds_développement_grofin,"Dev Bio Funds Nig, Bos, Arm","['bio', 'fonds', 'développement', 'grofin', 'impulse', 'rif', 'africinvest', 'fund', 'ventureast', 'mpef']","['\nDev Bio Funds Nig, Bos, Arm', '', '', '', '', '', '', '', '', '']","['bio - fonds de développement - gmf mibospo - bosnie bio - fonds de développement - gmf mibospo - bosnie bio - fonds de développement - gmf mibospo - bosnie', 'bio - fonds de développement - africinvest anchorage - nigerie bio - fonds de développement - africinvest anchorage - nigerie bio - fonds de développement - africinvest anchorage - nigerie', 'bio - fonds de développement - africinvest gta - nigerie bio - fonds de développement - africinvest gta - nigerie bio - fonds de développement - africinvest gta - nigerie']"
204,1169,204_nea_near_eastern_unspecified,NEA Multi Sector DE State Bureau Affairs Unspecified,"['nea', 'near', 'eastern', 'unspecified', 'department', 'affairs', 'bureau', 'multi', 'state', 'sector']","['\nNEA Multi Sector DE State Bureau Affairs Unspecified', '', '', '', '', '', '', '', '', '']","['u.s. department of state: bureau of near eastern affairs (nea) - multi-sector - unspecified: afev elmoukawalatya khadra u.s. department of state: bureau of near eastern affairs (nea) - multi-sector - unspecified: afev elmoukawalatya khadra u.s. department of state: bureau of near eastern affairs (nea) - multi-sector - unspecified. economic support fund. afev elmoukawalatya khadra', 'u.s. department of state: bureau of near eastern affairs (nea) - multi-sector - unspecified: fanni raghman anni vote cells u.s. department of state: bureau of near eastern affairs (nea) - multi-sector - unspecified: fanni raghman anni vote cells u.s. department of state: bureau of near eastern affairs (nea) - multi-sector - unspecified. economic support fund. fanni raghman anni vote cells', 'u.s. department of state: bureau of near eastern affairs (nea) - multi-sector - unspecified: djazairouna u.s. department of state: bureau of near eastern affairs (nea) - multi-sector - unspecified: djazairouna u.s. department of state: bureau of near eastern affairs (nea) - multi-sector - unspecified. economic support fund. djazairouna']"
205,1482,205_credit_rural_agricultural_finance,Rural Credit Agric. Fin.,"['credit', 'rural', 'agricultural', 'finance', 'financial', 'crédit', 'agricole', 'loan', 'ligne', 'financement']","['\nRural Credit Agric. Fin.', '', '', '', '', '', '', '', '', '']","['rural credit rural credit ', 'rural credit rural credit rural credit', ' credit rural et dencentralise ']"
206,1491,206_commissioner_united_nations_unhcr,"UNHCR contribs for refuges, ann. Budget, UN","['commissioner', 'united', 'nations', 'unhcr', 'refugees', 'high', 'vicitms', '1143', 'appropriation', 'budget']","['\nUNHCR contribs for refuges, ann. Budget, UN', '', '', '', '', '', '', '', '', '']","[""initial contribution towards united nations high commissioner for refugees (unhcr)'s africa annual budget activities-kenya initial contribution towards united nations high commissioner for refugees (unhcr)'s africa annual budget activities-kenya united states population migration and refugee assistance, appropriation 1143.  protection and assistance needs of refugees, migrants and conflict vicitms worldwide. [united nations office of the united nations high commissioner for refugees]"", 'initial contribution towards united nations high commissioner for refugees (unhcr) s annual budget activities - global programs initial contribution towards united nations high commissioner for refugees (unhcr) s annual budget activities - global programs united states population migration and refugee assistance, appropriation 1143. protection and assistance needs of refugees, migrants and conflict vicitms worldwide. [united nations office of the united nations high commissioner for refugees]', ""initial contribution towards united nations high commissioner for refugees (unhcr)'s annual budget activities - global programs initial contribution towards united nations high commissioner for refugees (unhcr)'s annual budget activities - global programs united states population migration and refugee assistance, appropriation 1143. protection and assistance needs of refugees, migrants and conflict vicitms worldwide. [united nations office of the united nations high commissioner for refugees]""]"
207,2092,207_universitaire_university_institutionnelle_université,Univ. Dev. Coop. 2012-13,"['universitaire', 'university', 'institutionnelle', 'université', 'cooperation', 'coopération', 'cui', 'cooperación', 'interuniversitaire', 'universidad']","['\nUniv. Dev. Coop. 2012-13', '', '', '', '', '', '', '', '', '']","['projet de cooperation universitaire - initiative sud 2012 - kenyatta university projet de cooperation universitaire - initiative sud 2012 - kenyatta university ', 'coopération universitaire institutionnelle (vlir-uos) - slu/bsu / filipijnen higher education institutional university cooperation  vlir - slu/bsu / filipijnen - coopération universitaire institutionnelle (vlir-uos) - slu/bsu / filipijnen -  -', 'projet de cooperation universitaire - initiative sud 2012 -  stellenbosch university projet de cooperation universitaire - initiative sud 2012 -  stellenbosch university ']"
208,1570,208_capacity_building_institutional_bldg,Capacity Bldg Proj-Dev Capacity,"['capacity', 'building', 'institutional', 'bldg', 'development', 'output', 'dev', 'irq', 'strengthening', 'amcs']","['\nCapacity Bldg Proj-Dev Capacity', '', '', '', '', '', '', '', '', '']","['nandolo capacity building nandolo capacity building nandolo capacity building', 'capacity bldng - moe capacity building - moe ', 'capacity bldng - moe capacity building ']"
209,1222,209_af_unspecified_african_multi,Af Multi Sector USD ESF,"['af', 'unspecified', 'african', 'multi', 'department', 'state', 'affairs', 'bureau', 'sector', 'ardf']","['\nAf Multi Sector USD ESF', '', '', '', '', '', '', '', '', '']","['u.s. department of state: bureau of african affairs (af) - multi-sector - unspecified: borehole in ogun u.s. department of state: bureau of african affairs (af) - multi-sector - unspecified: borehole in ogun u.s. department of state: bureau of african affairs (af) - multi-sector - unspecified. economic support fund. borehole in ogun', 'u.s. department of state: bureau of african affairs (af) - multi-sector - unspecified: poeman briquettes u.s. department of state: bureau of african affairs (af) - multi-sector - unspecified: poeman briquettes u.s. department of state: bureau of african affairs (af) - multi-sector - unspecified. economic support fund. poeman briquettes', 'u.s. department of state: bureau of african affairs (af) - multi-sector - unspecified: mikhulu ssh u.s. department of state: bureau of african affairs (af) - multi-sector - unspecified: mikhulu ssh u.s. department of state: bureau of african affairs (af) - multi-sector - unspecified. economic support fund. mikhulu ssh']"
210,2532,210_community_communautaire_development_local,Community Dev prog-self help,"['community', 'communautaire', 'development', 'local', 'communities', 'self', 'communautaires', 'integrated', 'développement', 'communal']","['\nCommunity Dev prog-self help', '', '', '', '', '', '', '', '', '']","['community development iha-udp community development ', 'community development ecc hosanna community development ecc hosanna community development ecc hosanna', 'wva-mapela community developme mapela community development ']"
211,1810,211_darfur_sudan_humanitarian_south,Humanitarian Sudan/SSudan crisis,"['darfur', 'sudan', 'humanitarian', 'south', 'emergency', 'soudan', 'affected', 'conflict', 'response', 'darfour']","['\nHumanitarian Sudan/SSudan crisis', '', '', '', '', '', '', '', '', '']","['emergency activities in south sudan in 2016 emergency activities in south sudan in 2016 humanitarian assistance', 'humanitarian aid humanitarian aid icrc assistance and protection activities in sudan and south sudan', 'humanitarian aid in south sudan humanitarian aid in south sudan assistance and protection activities in south sudan']"
212,1389,212_scientific_scientifique_recherche_research,Research institutes - scientific,"['scientific', 'scientifique', 'recherche', 'research', 'institutions', 'scientifiques', 'science', 'spf', 'domaine', 'sciences']","['\nResearch institutes - scientific', '', '', '', '', '', '', '', '', '']","['shorttime/tza/vp research/scientific institutions ', 'apefe research/scientific institutions ', ""foto's t.b.v. jaarverslag 1993 research/scientific institutions ""]"
213,1393,213_green_growth_economy_gggi,Green Growth Strategies,"['green', 'growth', 'economy', 'gggi', 'sustainable', 'verde', 'page', 'vert', 'verte', 'transition']","['\nGreen Growth Strategies', '', '', '', '', '', '', '', '', '']","['mx 1 - state of sonora green growth plan mx 1 - state of sonora green growth plan ', 'green economy: conference on green growth green economy: conference on green growth green economy: conference on green growth', 'in 1 - green growth through indc in 1 - green growth through indc ']"
214,1339,214_evaluation_monitoring_planning_review,Planning-Monit-Evalu,"['evaluation', 'monitoring', 'planning', 'review', 'reviews', 'programme', 'evaluations', 'suivi', 'ir', 'support']","['\nPlanning-Monit-Evalu', '', '', '', '', '', '', '', '', '']","['6.3 planning, monitoring and evaluation 6.3 planning, monitoring and evaluation 6.3 planning, monitoring and evaluation', 'planning, monitoring and evaluation planning, monitoring and evaluation planning, monitoring and evaluation', 'f.a: planning & monitoring & evaluation f.a: planning & monitoring & evaluation programme planning, monitoring and evaluation']"
215,1135,215_arms_weapons_light_salw,Small Arms Light Weapons (SALW) Control,"['arms', 'weapons', 'light', 'salw', 'disarmament', 'small', 'ammunition', 'proliferation', 'armes', 'destruction']","['\nSmall Arms Light Weapons (SALW) Control', '', '', '', '', '', '', '', '', '']","['small arms light weapons small arms light weapons small arms light weapons - small arms and light weapons (salw) [through halo trust]', 'small arms & light weapons con small arms & light weapons con ', 'small arms light weapons bicc small arms light weapons ']"
216,2673,216_scholarships_scholarship_students_doctoral,Scholarships-Students-HigherEd,"['scholarships', 'scholarship', 'students', 'doctoral', 'postgraduate', 'postdoctoral', 'cultivation', 'becas', 'university', 'ayudas']","['\nScholarships-Students-HigherEd', '', '', '', '', '', '', '', '', '']","['scholarship iss scholarships ', 'scholarship scholarships for international students ', 'scholarships scholarships scholarship']"
217,1124,217_doses_covid_19_covax,COVID vaccines donation,"['doses', 'covid', '19', 'covax', 'vaccine', 'vaccines', 'donation', 'astrazeneca', 'vaccins', 'don']","['\nCOVID vaccines donation', '', '', '', '', '', '', '', '', '']","['providing covid-19 vaccines 50000 dose providing covid-19 vaccines 50000 dose providing covid-19 vaccines 50000 dose', 'covid-19 vaccines covid-19 vaccines donation of 1,945,600 covid-19 vaccines type moderna', 'covid-19 vaccines covid-19 vaccines donation of 4,461,600 covid -19 vaccines type johnson and johnson through covax']"
218,1370,218_mediterranean_neighbourhood_european_euro,Mediterranean Coop & Dialogue,"['mediterranean', 'neighbourhood', 'european', 'euro', 'partnership', 'cooperation', 'audiovisual', 'financial', 'lindh', 'anna']","['\nMediterranean Coop & Dialogue', '', '', '', '', '', '', '', '', '']","['envitecc / mediterranean sea programme (medprogramme) envitecc / mediterranean sea programme (medprogramme) ', ' mediterranean colloquio of tapri ', 'mediterranean log mediterranean log revista semestral sobre culturas y sociedades mediterráneas.']"
219,1815,219_admin_education_policy_management,Edu Pol Admin Mgmt,"['admin', 'education', 'policy', 'management', 'éducation', 'politiques', 'administrative', 'pilotage', 'politique', 'éducatives']","['\nEdu Pol Admin Mgmt', '', '', '', '', '', '', '', '', '']","['apefe - oss1 education policy & admin. management ', 'imch education policy & admin. management ', 'education fti joe de stefano education policy & admin. management ']"
220,1307,220_objectifs_209_p209_durable,"Dev Dur 209 Gov, Food, Fragility","['objectifs', '209', 'p209', 'durable', 'développement', 'fspi', 'p185', 'fragilites', 'egalite', 'climat']","['\nDev Dur 209 Gov, Food, Fragility', '', '', '', '', '', '', '', '', '']","['p209 - objectifs de développement durable (p 209) - fragilites - piscca 2/11alinagnon p209 - objectifs de développement durable (p 209) - fragilites - piscca 2/11alinagnon p209 - objectifs de développement durable (p 209) - fragilites - piscca 2/11alinagnon - equiper et former 16 jeunes aux métiers du bâtiment (fabrication de blocs hydraform et ordinaires, montage de maisons et peinture) et les regrouper en coopératives', 'p209 - objectifs de développement durable (p 209) - fragilites - pembe hayatpembe hayat p209 - objectifs de développement durable (p 209) - fragilites - pembe hayatpembe hayat p209 - objectifs de développement durable (p 209) - fragilites - pembe hayatpembe hayat - orgnaisation du festival pink life kuirfest', 'p209 - objectifs de développement durable (p 209) - gastronomie p209 - objectifs de développement durable (p 209) - gastronomie p209 - objectifs de développement durable (p 209) - gastronomie - piscca citoyennetés participatives et patrimoinesmovimiento de integrracion gastronomico alimentario - piscca citoyennetés et patrimoines']"
221,3451,221_road_roads_highway_improvement,"Rural, Trunk Roads Improvement","['road', 'roads', 'highway', 'improvement', 'maintenance', 'km', 'upgrading', 'transport', 'project', 'rural']","['\nRural, Trunk Roads Improvement', '', '', '', '', '', '', '', '', '']","[' rural roads improvement ', 'improvement of the roads network and rural roads development improvement of the roads network and rural roads development ', 'trunk roads improvement project trunk roads improvement project trunk roads improvement project, loan for road transport']"
222,1349,222_trust_fund_donor_bank,"Trust Funds: Multi Donor, World Bank","['trust', 'fund', 'donor', 'bank', 'multi', 'contribution', 'world', 'fiduciaire', 'mdtf', 'codex']","['\nTrust Funds: Multi Donor, World Bank', '', '', '', '', '', '', '', '', '']","['nato trust fund nato trust fund ', 'un-hab ws trust fund           ws trust fund un-hab ws trust fund           ws trust fund ', 'trust fund ehu trust fund ehu ']"
223,1251,223_business_institutions_services_entreprises,Bus. Sup. Servs. Inst.,"['business', 'institutions', 'services', 'entreprises', 'ecip', 'autres', 'support', 'der', 'f3', '97']","['\nBus. Sup. Servs. Inst.', '', '', '', '', '', '', '', '', '']","['stdf business support services & institutions ', 'feasility study for business business support services & institutions ', 'business services business support services & institutions ']"
224,1092,224_fk_norway_exchange_corps,Norway Exchange Peace Corps Personnel,"['fk', 'norway', 'exchange', 'corps', 'norec', 'personnell', 'personnel', 'peace', 'young', 'youth']","['\nNorway Exchange Peace Corps Personnel', '', '', '', '', '', '', '', '', '']","['peace corps, fk norway, personnel exchange peace corps, fk norway, personnel exchange fesibility study', 'peace corps, fk norway, personnel exchange peace corps, fk norway, personnel exchange feasability study', 'peace corps, fk norway, personnel exchange peace corps, fk norway, personnel exchange secretarial capacity norsk helsenettverk for utvikling']"
225,1533,225_electrification_rural_rurale_electricity,Rural Electrification Projects,"['electrification', 'rural', 'rurale', 'electricity', 'distribution', 'transmission', 'grid', 'power', 'renewable', 'energy']","['\nRural Electrification Projects', '', '', '', '', '', '', '', '', '']","[' rural electrification, baluchistan ', ' rural electrification, asesewa &yeji ', 'rural electrification project-v rural electrification project-v energy/rural distribution']"
226,1624,226_higher_enseignement_supérieur_education,Higher Ed: University Learning,"['higher', 'enseignement', 'supérieur', 'education', 'university', 'bourses', 'mec', 'sco', 'universitaire', 'pub']","['\nHigher Ed: University Learning', '', '', '', '', '', '', '', '', '']","['delf et dalf higher education ', 'pdev higher education ', 'universitâ€š tetovo higher education universitâ€š tetovo']"
227,1200,227_mdg_achievement_inequalities_growth,"MDG achievement: incl. Growth, gender, strategies","['mdg', 'achievement', 'inequalities', 'growth', 'mgds', 'area', 'strategies', 'poverty', 'gender', 'outcome']","['\nMDG achievement: incl. Growth, gender, strategies', '', '', '', '', '', '', '', '', '']","['appui au pcged(dap) appui au pcged(dap) focus area: poverty reduction & mdg achievement. result area: promoting inclusive growth, gender equality and mdg achievement. special outcome: mdg-based national development strategies promote growth and employment, and reduce economic, gender and social inequalities', 'atoll development for sustaina atoll development for sustaina focus area: poverty reduction & mdg achievement. result area: promoting inclusive growth, gender equality and mdg achievement. special outcome: mdg-based national development strategies promote growth and employment, and reduce economic, gender and social inequalities', 'assistance preparatoire progra assistance preparatoire progra focus area: poverty reduction & mdg achievement. result area: promoting inclusive growth, gender equality and mdg achievement. special outcome: mdg-based national development strategies promote growth and employment, and reduce economic, gender and social inequalities']"
228,1083,228_elderly_older_home_care,Elderly Home Construction,"['elderly', 'older', 'home', 'care', 'mayores', 'people', 'ancianos', 'ageing', 'old', 'elder']","['\nElderly Home Construction', '', '', '', '', '', '', '', '', '']","['construction of a home for the elderly and destitute women in thrikkakara construction of a home for the elderly and destitute women in thrikkakara construction of a home for the elderly and destitute women in thrikkakara', 'construction retirement home for elderly construction retirement home for elderly construction retirement home for elderly', 'building a home for the elderly building a home for the elderly building a home for the elderly']"
229,2784,229_mujeres_women_las_derechos,"Women's rights, Indigenous organizations, gender equity (Latin America)","['mujeres', 'women', 'las', 'derechos', 'género', 'el', 'violencia', 'sus', 'para', 'los']","[""\nWomen's rights and gender equity in Colombia, Guatemala, El Salvador, Indigenous organizations in Nicaragua"", '', '', '', '', '', '', '', '', '']","['promoting rights, participation and leadership of women of jiquilisco (el salvador). promoting rights, participation and leadership of women of jiquilisco (el salvador). el proyecto tiene por objetivo mejorar la participación ciudadana y las condiciones para el jeercicio y avance de los derechos de las mujeres en el municipio de jiquilisco (dpto. usulután). para ello se trabajará con 8 comunidades del municipio y distintas expresiones organizativas dle mismo: asociación de mujeres, comités de mujeres, secretaría de la mujer, concertación de mujeres y la red de jóvenes. para lograr el objetivo se desarrollará una estrategia dirigida a: - fortalecer las capacidades y mecanismos de participación de las mujeres. - fortalecer el movimiento de mujeres a través de la mejora de sus conocimientos y capacidades y el fortalecimiento de los liderazgos. - sensibilización de la población sobre los derechos de las mujeres. - incrementar el conocimiento de las leyes que favorecen los derechos de las mujeres.', 'rural women organized and empowered to exercise their rights in 3 municipalities of the valles cruceã±os bolivia. phase ii rural women organized and empowered to exercise their rights in 3 municipalities of the valles cruceã±os bolivia. phase ii título completo del proyecto: mujeres campesinas organizadas y empoderadas para el ejercicio de sus derechos en 3 municipios de los valles cruceños bolivia. fase ii :: impulsar el empoderamiento de los distintos grupos de mujeres campesinas, que ya vienen participando en programas de trabajo anteriores, en una estrategia de intervención de desarrollo local.se trabajará en 4 áreas: en cuatro áreas:1.organizaciones de mujeres fortalecen sus capacidades de gestión interna e incidencia política en procesos de desarrollo integral con enfoque de género. capacidades2.organizaciones de mujeres inciden en políticas públicas favorables al ejercicio de sus derechos económicos, sociales y ambientales en los municipios de comarapa, pampagrande y vallegrande. incidencia.3.mujeres campesinas organizadas fortalecen sus capacidades para la gestión integral de sus unidades productivas y la producción local sostenible. sostenibilidad.4.organizaciones de mujeres mejoran su capacidad de acción colectiva en articulación con otras organizaciones de mujeres de bolivia. sororidad', 'citizenship participation of women and associations from chayanta province, potosi, at the new pluri-national state of bolivia, with gender equality. citizenship participation of women and associations from chayanta province, potosi, at the new pluri-national state of bolivia, with gender equality. participación ciudadana de las mujeres y organizaciones de la provincia chayanta, potosí en el nuevo estado plurinacional de bolivia, con equidad de género :: los municipios de ravelo, pocoata, colquechaca y ocurí del departamento de potosí con más de 95.000 habitantes se constituye en una de las provincias más empobrecida que presentan los idh más bajos del país: 308 en pocoata, 318 en ocurí, 319 en ravelo y 326 en colquechaca del mapa de pobreza sobre un total de 327 municipios. por otra parte, hay una falta de reconocimiento a la labor que realizan las mujeres en la economía de los cuidados al desarrollarse en la esfera privada y tampoco se reconoce el importante papel que ejercen en la economía productiva. así mismo, se cuenta con débiles estructuras organizativas de las mujeres capaces de incidir ante las autoridades locales.el instituto politécnico tomás katari (iptk), lleva 38 años trabajando en la región habiendo realizado numerosos trabajos de desarrollo rural y de formación/capacitación. el proyecto tiene como objetivo ?fortalecer las capacidades organizaciones, políticas y económicas de las mujeres campesinas y organizaciones sociales de la provincia chayanta, para que participen de manera proactiva, propositiva y representativa en la nueva normativa del estado plurinacional de bolivia, y en la exigibilidad de sus derechos desde un enfoque de género e interculturalidad?. con el proyecto se va contribuir a combatir la pobreza extrema y desigualdad social de las comunidades ubicadas en los municipios de la provincia chayanta, para esto será necesaria:-la formación/capacitación de mujeres lideresas, entendida como un proceso de interaprendizaje se plantea por la necesidad de que grupos de mujeres campesinas cuenten con conocimientos sobre la realidad de país, de sus municipios y empoderados participen en la toma de decisiones de los ámbitos sociopolítico, económico y cultural de sus comunidades, de sus municipios y de otros espacios, en el marco de la defensa de sus derechos y de la nueva normativa nacional, -el fortalecimiento a las organizaciones de mujeres, para que a través de la incidencia logren las mujeres en pleno derecho, que participen y sean actoras activas dentro sus organizaciones, de sus comunidades y del municipio, - el fortalecimiento de grupos organizados de mujeres para que realicen vigilancia y control social a los procesos de cambio,- el fortalecimiento de centros de mujeres en capacitación técnica artesanal, tejidos y bordados, corte y confección, panadería y repostería, para que se constituyan en herramientas que les permitan la inclusión en la vida económica, contribuyendo al desarrollo local de sus comunidades y municipios, dada la extrema pobreza por la que atraviesan en la actualidad, - comunicación y difusión, que a través de una estrategia integrada se busque formar y crear opinión pública en la ciudadanía en general para la inclusión y la equidad de género.a la conclusión del proyecto, la población sujeto cont']"
230,1526,230_ocean_freight_title_usaid,"USaid II Food Aid Ocean Freight (wheat flour, sorghum)","['ocean', 'freight', 'title', 'usaid', 'food', 'aid', 'ii', 'prepositioning', 'metric', 'tons']","['\nUSaid II Food Aid Ocean Freight (wheat flour, sorghum)', '', '', '', '', '', '', '', '', '']","['ocean freight of usaid title ii food aid for other emergency ocean freight of usaid title ii food aid for other emergency usaid title ii food aid for other emergency through world food program. ocean freight of wheat flour bread / metric tons: 3,490.', 'ocean freight of usaid title ii food aid for other emergency ocean freight of usaid title ii food aid for other emergency usaid title ii food aid for other emergency through world food program. ocean freight of wheat flour / metric tons: 790.', 'ocean freight of usaid title ii food aid for other emergency ocean freight of usaid title ii food aid for other emergency usaid title ii food aid for other emergency through world food program. ocean freight of sorghum, bagged / metric tons: 8,670.']"
231,1384,231_venezuela_venezuelan_migrants_colombia,"Colombian refugees, migrants Crisis Venezuela protection","['venezuela', 'venezuelan', 'migrants', 'colombia', 'colombian', 'refugees', 'ecuador', 'protection', 'crisis', 'venezuelans']","['\nColombian refugees, migrants Crisis Venezuela protection', '', '', '', '', '', '', '', '', '']","['protection and humanitarian assistance to colombian pnpis in venezuela protection and humanitarian assistance to colombian pnpis in venezuela united states population migration and refugee assistance, appropriation 1143.  protection and assistance needs of refugees, migrants and conflict vicitms worldwide. [norwegian refugee council]', 'psychosocial assistance and protection program colombian refugees in ecuador and venezuela psychosocial assistance and protection program colombian refugees in ecuador and venezuela united states population migration and refugee assistance, appropriation 1143.  protection and assistance needs of refugees, migrants and conflict vicitms worldwide. [hebrew immigrant aid society]', 'psychosocial assistance and protection for colombian refugees in ecuador and venezuela. psychosocial assistance and protection for colombian refugees in ecuador and venezuela. united states population migration and refugee assistance, appropriation 1143. protection and assistance needs of refugees, migrants and conflict vicitms worldwide. [hebrew immigrant aid society]']"
232,1215,232_human_resource_resources_humano,Human Resources Devt & Strategy,"['human', 'resource', 'resources', 'humano', 'hicd', 'development', 'report', 'capacity', 'humaines', 'desarrollo']","['\nHuman Resources Devt & Strategy', '', '', '', '', '', '', '', '', '']","['human resources development programme phase 1 human resources development programme the overall objective of the sector policy support programme (spsp) in therefore to promote the development of pngâ¿s human resource development in the education sector, with the programme purpose (specific objective) being twofold: ube plan supported, and', '6950121  human resources development human resources dvpt for individuals ', 'technical assistance to articulate a human resource development strategy for barbados technical assistance to articulate a human resource development strategy for barbados the project aims to create a human resources development plan for barbados which defines critical strategic interventions, outputs, outcomes and indicators for skills/human resources development over the period 2009-2013.']"
233,1064,233_cards_2005_017_2006,Cards '05-'17-'06-AP',"['cards', '2005', '017', '2006', '2004', 'ear', 'ap', '2003', 'yugoslav', 'tempus']","[""\nCards '05-'17-'06-AP'"", '', '', '', '', '', '', '', '', '']","['cards/2003/ 066-174-ballshi refinery 2 cards ballshi refinery ', 'cards/2003/ 077-785-cards/ comptabilisation des intç?rets bancaires gç?nç?rç?s sur l cards/2003/ 077-785-cards/ comptabilisation des intç?rets bancaires gç?n cards/2003/ 077-785-cards/ comptabilisation des intç?rets bancaires gç?nç?rç?s sur l', 'cards lunch cards lunch ']"
234,1376,234_australian_australia_ancp_starting,"Aus NGO Coop Prog '13-17, 627.4m yrs'","['australian', 'australia', 'ancp', 'starting', 'million', 'over', 'total', 'administered', 'accredited', 'program']","[""\nAus NGO Coop Prog '13-17, 627.4m yrs'"", '', '', '', '', '', '', '', '', '']","['baptist world aid australia baptist world aid australia the australia - non-government organisations (ngo) cooperation program (ancp) subsidises the poverty reduction activities of accredited australian ngos.  australian ngos supported through ancp must demonstrate a strong level of australian community support, and have been through a rigorous accreditation process.  the total value of this multi-country program is $627.4 million over 4 years, starting 2013-14.', 'cbm australia cbm australia the australia - non-government organisations (ngo) cooperation program (ancp) subsidises the poverty reduction activities of accredited australian ngos.  australian ngos supported through ancp must demonstrate a strong level of australian community support, and have been through a rigorous accreditation process.  the total value of this multi-country program is $627.4 million over 4 years, starting 2013-14.', 'childfund australia childfund australia the australia - non-government organisations (ngo) cooperation program (ancp) subsidises the poverty reduction activities of accredited australian ngos.  australian ngos supported through ancp must demonstrate a strong level of australian community support, and have been through a rigorous accreditation process.  the total value of this multi-country program is $627.4 million over 4 years, starting 2013-14.']"
235,1054,235_tiger_rhino_rhinoceros_conservation,Conservation Park Wildlife,"['tiger', 'rhino', 'rhinoceros', 'conservation', 'tigers', 'park', 'wildlife', 'rhinos', 'black', 'poaching']","['\nConservation Park Wildlife', '', '', '', '', '', '', '', '', '']","['rhinoceros & tiger conservation-species conservation grant rhinoceros & tiger conservation-species conservation grant support for black rhino conservation operations in north luangwa national park, zambia', 'tiger conservation in manas national park tiger conservation in manas national park multinational species conservation fund, u.s. department of interior, u.s. fish and wildlife service.', 'rhinoceros & tiger conservation rhinoceros & tiger conservation protection and conservation of sumatran tiger in kerinci seblat national park']"
236,1250,236_cuba_cuban_cubana_habana,"Cuba Dev Proj (training, univ, dev)","['cuba', 'cuban', 'cubana', 'habana', 'cubano', 'cubain', 'cubanos', 'con', 'scac', 'bourse']","['\nCuba Dev Proj (training, univ, dev)', '', '', '', '', '', '', '', '', '']","[""iidh cuba iidh cuba support to iidh's special programme for cuba"", 'iad cuba iad cuba ', 'ferc n°1 ferc n°1 ferc cuba-ferc n°1']"
237,1019,237_sugar_sucre_cane_accompanying,"Sugar Factory Rehab (2200t, 6094t)","['sugar', 'sucre', 'cane', 'accompanying', 'protocol', 'sugarcane', 'measures', 'industry', 'outgrowers', 'canne']","['\nSugar Factory Rehab (2200t, 6094t)', '', '', '', '', '', '', '', '', '']","[' sugar (6094 t) ', ' sugar refinery expan ', ' sugar (2200 t) ']"
238,1361,238_coordination_unct_ddc_office,Coordination Management DCAF,"['coordination', 'unct', 'ddc', 'office', 'bureau', 'coordinación', 'management', 'programme', 'actions', 'suivi']","['\nCoordination Management DCAF', '', '', '', '', '', '', '', '', '']","['coordination alop coordination alop ', 'coordination ptme/pecp coordination ptme/pecp ', 'cout de coordination survie cout de coordination survie cout de coordination survie']"
239,1427,239_electoral_elections_election_eisa,Electoral Processes UNDP,"['electoral', 'elections', 'election', 'eisa', 'élections', 'électoral', 'voter', 'processus', 'cycle', 'process']","['\nElectoral Processes UNDP', '', '', '', '', '', '', '', '', '']","[""undp- strengthening electoral processes in uganda (sepu) undp- strengthening electoral processes in uganda (sepu) the united nations development programme (undp), together with other un agencies, i.e. un women, ohchr and unesco, have developed an electoral project to support the 2020/21 electoral cycle in uganda.  the project named strengthening electoral processes in uganda (sepu) followed the recommendation of the un electoral needs assessment mission in march 2019 for the un to support the 2020/21 elections in uganda and for undp to lead in formulating an integrated electoral assistance project.  the project seeks to respond to the various challenges earlier on identified by  the eu election observers mission in their 2016 report,  the judiciary (supreme court ruling on 2016 elections), and the national electoral commission's own identified challenges as having adversely affected the quality and credibility of past elections in uganda.the project is based on the intervention logic that inclusive, participatory, transparent elections are critical to sustain development gains and consolidate peace as the foundations on which development thrives, also, technically capable, independent and trusted governance institutions are essential for the conduct of credible, inclusive and peaceful elections, furthermore, elections is a conflict trigger which potentially results in violence and loss of lives, peacebuilding and conflict prevention approaches are critical to ensure peaceful and violence-free elections. undp submitted a project proposal to the embassy of sweden and to other development partners for the support of strengthening electoral processes in uganda (sepu) project. the overall goal of the project is to improve the capacity and credibility of key institutions with an electoral mandate to promote credible elections, in 2020/21 and beyond, that significantly contribute to uganda's vision of becoming a peaceful, secure and prosperous middle-income country by 2040. the specific objectives of the project are to: 1) strengthen transparency and inclusion in electoral process, 2) enhance institutional capacity for the electoral commission (ec) and other electoral stakeholders, and3) improve peace building mechanisms.the project is implemented by undp in partnership with three other un agencies, i.e. un women, ohchr and unesco based on their comparative advantage and the need for complementarity of efforts: un women will lead on activities aimed at promoting inclusive participation in elections, especially for women, youth and people living with disabilities , ohchr will lead on human rights mainstreaming across all project activities and also human rights monitoring in the country during the entire electoral cycle, while unesco will support media capacity building and training including media training on conflict and gender sensitivity.the project targets and collaborates with national institutions to improve their capacity to deliver credible elections. these include, electoral commission of uganda (ec), uganda police force, (upf), judiciary/human rights comm"", 'support to the timorese electoral cycle elections ', 'ghana- support to the electoral commission for the 2012 presidential and parliamentary elections. ghana- support to the electoral commission for the 2012 presidential and parliamentary elections. to support capacity development of electoral commission in the elections process and the electoral cycle. this specific objective expected is to further increase national capacity to address national electoral challenges as well as increase the integrity']"
240,999,240_frontline_diplomacy_flows_diplomatic,Aid-related frontline dipl. For flow enablement,"['frontline', 'diplomacy', 'flows', 'diplomatic', 'related', 'aid', 'activity', 'enabling', 'prosperity', 'stresses']","['\nAid-related frontline dipl. For flow enablement', '', '', '', '', '', '', '', '', '']","['aid-related frontline diplomacy in support of aid flows tovenezuela aid-related frontline diplomacy in support of aid flows tovenezuela aid-related frontline diplomacy in support of aid flows tovenezuela', 'aid-related frontline diplomacy in support of aid flows tolebanon aid-related frontline diplomacy in support of aid flows tolebanon aid-related frontline diplomacy in support of aid flows tolebanon', 'aid-related frontline diplomacy in support of aid flows tomalawi aid-related frontline diplomacy in support of aid flows tomalawi aid-related frontline diplomacy in support of aid flows tomalawi']"
241,2319,241_educación_el_educativa_education,"Education workshops Bolivia, Guatemala, Nicaragua","['educación', 'el', 'educativa', 'education', 'bolivia', 'nicaragua', 'guatemala', 'los', 'calidad', 'para']","['\nEducation workshops Bolivia, Guatemala, Nicaragua', '', '', '', '', '', '', '', '', '']","['guatemala 2015 workshop school of guatemala. guatemala 2015 workshop school of guatemala. guatemala 2015 escuela taller de guatemala escuela taller guatemala para la formación profesional de jóvenes, de ambos sexos y escasos recursos, mediante la metodología teórico-práctica de las escuelas taller, para la posterior inserción laboral.', 'contributing to an integral and quality education for children and teenagers in nicaragua contributing to an integral and quality education for children and teenagers in nicaragua el propósito del programa es contribuir a la mejora de la calidad educativa y la transformación social de poblaciones vulnerables en nicaragua, a través de procurar el acceso y continuidad de la educación básica a la población educativa que se atiende en los centros educativos de fe y alegría, centros estatales y comunitarios ubicados en el sector de acahualinca.  fe y alegría nicaragua promueve el derecho a una educación de calidad para sectores marginalizados, tomando como estrategia el empoderamiento de esta población a través de la educación.la propuesta está destinada para que alrededor de 14,481 niños, niñas, adolescentes y jóvenes, de barrios y comunidades marginales de 9 municipios del país, puedan ser parte activa en el logro de los siguientes resultados:1. implementados procesos educativos que favorezcan el ejercicio del derecho a una educación de calidad para las niñas, niños y adolescentes.2. mejorados los procesos de enseñanza aprendizajes en el ámbito formal y no formal en centros atendidos por fe y alegría.para mejorar la calidad educativa, fe y alegría trabaja tomando como referente los procesos de calidad: gestión directiva, enseñanza-aprendizaje, ciudadanía e interrelación con la comunidad.  en estos procesos los actores que se encuentran ubicados en diferentes niveles y áreas son: directivos, facilitadores-equipos de calidad, docentes, estudiantes, padres y madres de familia, comunidades.la formación es una estrategia importante, que se realiza a través: jornadas nacionales, regionales, en centros, mini-talleres, cursos a distancia, profesionalización docente, acompañamiento, investigación-acción, proyectos de aula, círculos de estudio. y las áreas de intervención priorizadas son: educación pre-escolar, pastoral, educación en valores, lectura, escritura y matemáticas, historia de nicaragua, multigrado (educación rural), tecnología educativa, educación técnica y/o habilitación laboral, educación ambiental, habilidades para la vida y educación en salud sexual reproductiva.en los procesos de enseñanza-aprendizaje se implementa el currículo orientado por el ministerio de educación, la cual integra los siguientes ejes transversales: participación comunitaria, derecho del niño y la niña, salud integral, educación ambiental, educación para el trabajo, educación para la paz y la democracia, educación para la sexualidad, el amor y la convivencia y enfoque integral de género.', 'contributing to an integral and quality education for children and teenagers in nicaragua contributing to an integral and quality education for children and teenagers in nicaragua el propósito del programa es contribuir a la mejora de la calidad educativa y la transformación social de poblaciones vulnerables en nicaragua, a través de procurar el acceso y continuidad de la educación básica a la población educativa que se atiende en los centros educativos de fe y alegría, centros estatales y comunitarios ubicados en el sector de acahualinca. fe y alegría nicaragua promueve el derecho a una educación de calidad para sectores marginalizados, tomando como estrategia el empoderamiento de esta población a través de la educación. la propuesta está destinada para que alrededor de 14,481 niños, niñas, adolescentes y jóvenes, de barrios y comunidades marginales de 9 municipios del país, puedan ser parte activa en el logro de los siguientes resultados: 1. implementados procesos educativos que favorezcan el ejercicio del derecho a una educación de calidad para las niñas, niños y adolescentes. 2. mejorados los procesos de enseñanza aprendizajes en el ámbito formal y no formal en centros atendidos por fe y alegría. para mejorar la calidad educativa, fe y alegría trabaja tomando como referente los procesos de calidad: gestión directiva, enseñanza-aprendizaje, ciudadanía e interrelación con la comunidad. en estos procesos los actores que se encuentran ubicados en diferentes niveles y áreas son: directivos, facilitadores-equipos de calidad, docentes, estudiantes, padres y madres de familia, comunidades. la formación es una estrategia importante, que se realiza a través: jornadas nacionales, regionales, en centros, mini-talleres, cursos a distancia, profesionalización docente, acompañamiento, investigación-acción, proyectos de aula, círculos de estudio. y las áreas de intervención priorizadas son: educación pre-escolar, pastoral, educación en valores, lectura, escritura y matemáticas, historia de nicaragua, multigrado (educación rural), tecnología educativa, educación técnica y/o habilitación laboral, educación ambiental, habilidades para la vida y educación en salud sexual reproductiva. en los procesos de enseñanza-aprendizaje se implementa el currículo orientado por el ministerio de educación, la cual integra los siguientes ejes transversales: participación comunitaria, derecho del niño y la niña, salud integral, educación ambiental, educación para el trabajo, educación para la paz y la democracia, educación para la sexualidad, el amor y la convivencia y enfoque integral de género.']"
242,1038,242_import_imports_commodity_export,Commodity Import Program,"['import', 'imports', 'commodity', 'export', 'importation', 'commodities', 'aid', 'promotion', 'industrial', 'exports']","['\nCommodity Import Program', '', '', '', '', '', '', '', '', '']","[' commodity import programme ', 'commodity import program commodity import program commodity import program', 'commodity import program - commodity import program commodity import program - commodity import program commodity import program']"
243,1101,243_carbon_low_china_emissions,Low Carb China Emissions,"['carbon', 'low', 'china', 'emissions', 'emission', 'energy', 'climate', 'trading', 'leds', 'ghg']","['\nLow Carb China Emissions', '', '', '', '', '', '', '', '', '']","['promoting low carbon developme promoting low carbon developme promoting low carbon development', 'china iea low carbon pt1 china iea low carbon pt1 china iea low carbon pt1', 'low carbon development in bijie low carbon development in bijie programme: climate. description: china coal - phase 3']"
244,1860,244_natural_resources_resource_naturelles,Sustainable nat res mgmt & prod,"['natural', 'resources', 'resource', 'naturelles', 'management', 'ressources', 'sustainable', 'biodiversity', 'gestion', 'corrupt']","['\nSustainable nat res mgmt & prod', '', '', '', '', '', '', '', '', '']","['sustainable natural resource management and production sustainable natural resource management and production promote and improve sustainable management of natural resources. incorporate sustainable natural resource management practices and technologies into economically productive sectors. increase sustainable production, marketing, and trade of natural resource-based products and services. [government of mali]', 'sustainable natural resource management and production sustainable natural resource management and production promote and improve sustainable management of natural resources. incorporate sustainable natural resource management practices and technologies into economically productive sectors. increase sustainable production, marketing, and trade of natural resource-based products and services. [africare]', 'natural resources and biodiversity - sustainable natural resource management and production natural resources and biodiversity - sustainable natural resource management and production natural resources and biodiversity - promote and improve sustainable management of natural resources. incorporate sustainable natural resource management practices and technologies into economically productive sectors. increase sustainable production, marketing, and trade of natural resource-based products and services.']"
245,2393,245_syrian_lebanon_refugees_jordan,Syrian refuges Lebanon aid,"['syrian', 'lebanon', 'refugees', 'jordan', 'refugee', 'syria', 'host', 'vulnerable', 'lebanese', 'protection']","['\nSyrian refuges Lebanon aid', '', '', '', '', '', '', '', '', '']","['fights against statelessness fights against statelessness support for rights of syrian refugees in lebanon', 'humanitarian project for syrian refugees in lebanon humanitarian project for syrian refugees in lebanon humanitarian project for syrian refugees in lebanon', 'assistance to lebanon for syrian refugees assistance to lebanon for syrian refugees assistance to lebanon for syrian refugees']"
246,977,246_dispatch_volunteers_friends_koica,"Dispatch Vols NGO Agr, Textiles, Leather","['dispatch', 'volunteers', 'friends', 'koica', 'korea', 'advisors', 'world', 'ngo', 'volunteerskoicaviet', 'volunteerskoicadominican']","['\nDispatch Vols NGO Agr, Textiles, Leather', '', '', '', '', '', '', '', '', '']","['dispatch of volunteersngoethiopia31191t1n1m0f1 dispatch of volunteersngoethiopia31191t1n1m0f1 dispatch of volunteers(ngo) in ethiopia for agricultural services', 'dispatch of volunteerskoicabangladesh32163t1n0m0f1 dispatch of volunteerskoicabangladesh32163t1n0m0f1 dispatch of volunteers(koica) in bangladesh for textiles, leather and substitutes', 'dispatch of volunteerskoicaindonesia32163t1n0m0f1 dispatch of volunteerskoicaindonesia32163t1n0m0f1 dispatch of volunteers(koica) in indonesia for textiles, leather and substitutes']"
247,1060,247_corps_volunteer_peace_overseas,Peace Corps Volunteer Pre-Service Safety Training Costs,"['corps', 'volunteer', 'peace', 'overseas', 'costs', 'pre', 'medical', 'newton', 'gcrf', 'travel']","['\nPeace Corps Volunteer Pre-Service Safety Training Costs', '', '', '', '', '', '', '', '', '']","['u.s. peace corps volunteer medical support u.s. peace corps volunteer medical support all costs associated with the medical support of volunteers in eswatini including pre-service training in the u.s., pre-departure staging costs, and pre-service training overseas.', 'u.s. peace corps volunteer pre-service training u.s. peace corps volunteer pre-service training all costs incurred for pre-service training of volunteers in senegal directly associated with volunteer and staff safety (preparedness and training), and the physical security of peace corps-leased properties.  includes guard services, security staff, security-related travel, supplies, equipment, physical property upgrades, and the office of safety and security.', 'u.s. peace corps volunteer pre-service training u.s. peace corps volunteer pre-service training all costs incurred for pre-service training of volunteers in ghana directly associated with volunteer and staff safety (preparedness and training), and the physical security of peace corps-leased properties.  includes guard services, security staff, security-related travel, supplies, equipment, physical property upgrades, and the office of safety and security.']"
248,1855,248_redacted_narcotics_enforcement_law,Redacted Law Enf. Health Sec. IMPP,"['redacted', 'narcotics', 'enforcement', 'law', 'affairs', 'fataa', 'bureau', 'exceptions', 'principled', 'defined']","['\nRedacted Law Enf. Health Sec. IMPP', '', '', '', '', '', '', '', '', '']","['bureau of international narcotics and law enforcement affairs - inl041 fy20 wpd&s surcharge:207390w177/pr9421435 bureau of international narcotics and law enforcement affairs - inl041 fy20 wpd&s surcharge:207390w177/pr9421435 u.s. department of state, bureau of international narcotics and law enforcement affairs: information redacted. information has been redacted in accordance with the two principled exceptions defined in the foreign aid transparency and accountability act (fataa) of 2016: the health and security of implementing partners, and the national interest of the united states.', 'bureau of international narcotics and law enforcement affairs - inl006 fy21 wpd&s surcharge:207361w017/pr9846178 bureau of international narcotics and law enforcement affairs - inl006 fy21 wpd&s surcharge:207361w017/pr9846178 u.s. department of state, bureau of international narcotics and law enforcement affairs: information redacted. information has been redacted in accordance with the two principled exceptions defined in the foreign aid transparency and accountability act (fataa) of 2016: the health and security of implementing partners, and the national interest of the united states.', 'bureau of international narcotics and law enforcement affairs - renovated and modified containers bureau of international narcotics and law enforcement affairs - renovated and modified containers u.s. department of state, bureau of international narcotics and law enforcement affairs: information redacted. information has been redacted in accordance with the two principled exceptions defined in the foreign aid transparency and accountability act (fataa) of 2016: the health and security of implementing partners, and the national interest of the united states.']"
249,1022,249_resistance_antimicrobial_amr_antibiotic,Antimicrob Resist Surveil Infect Lab Policies Prev Control,"['resistance', 'antimicrobial', 'amr', 'antibiotic', 'antibiotics', 'surveillance', 'infection', 'bacteria', 'laboratory', 'resistant']","['\nAntimicrob Resist Surveil Infect Lab Policies Prev Control', '', '', '', '', '', '', '', '', '']","['ac615antimicrobial resistance ac615antimicrobial resistance antimicrobial resistance', 'ac679antimicrobial resistance ac679antimicrobial resistance antimicrobial resistance', 'ac65antimicrobial resistance12220 ac65antimicrobial resistance12220 antimicrobial resistance']"
250,2354,250_enfants_children_street_rue,Street Children Welfare,"['enfants', 'children', 'street', 'rue', 'welfare', 'niños', 'rues', 'social', 'calle', 'aide']","['\nStreet Children Welfare', '', '', '', '', '', '', '', '', '']","['street children centre, (crjic) social/welfare services ', 'street children program social/welfare services ', 'street children 4101 social/welfare services ']"
251,1553,251_renovation_school_reconstruction_primary,Renovation Primary Schools,"['renovation', 'school', 'reconstruction', 'primary', 'elementary', 'kindergarten', 'aimag', 'roof', 'repair', 'repairing']","['\nRenovation Primary Schools', '', '', '', '', '', '', '', '', '']","['renovation of the primary school renovation of the primary school renovation of the primary school gundra-shella', 'renovierung der grundschule in ulcinj renovation primary school ulcinj ', 'renovatie pacelli-school / kap renovation of primary school ']"
252,1440,252_lebanon_lebanese_liban_beirut,Lebanon reconstruction-Dialogue-Local-Violent Conflict,"['lebanon', 'lebanese', 'liban', 'beirut', 'libanais', 'libanaise', 'libanaises', 'syrian', 'libanon', 'au']","['\nLebanon reconstruction-Dialogue-Local-Violent Conflict', '', '', '', '', '', '', '', '', '']","['project in lebanon project in lebanon project in lebanon', 'minecat to lebanon minecat to lebanon ', 'efm to lebanon efm to lebanon efm to lebanon']"
253,4979,253_santé_health_care_basic,Basic Health Sect'r Care,"['santé', 'health', 'care', 'basic', 'soins', 'services', 'salud', 'base', 'sante', 'sector']","[""\nBasic Health Sect'r Care"", '', '', '', '', '', '', '', '', '']","['sak01 economist/pohealth basic health care : economist/health ', 'health sector support programme basic health care ta to misau dps zambesia', 'health sector basic health care ']"
254,1525,254_election_observation_elections_observers,ElecObsParlMisOSCE,"['election', 'observation', 'elections', 'observers', 'osce', 'mission', 'parliamentary', 'electoral', 'presidential', 'monitoring']","['\nElecObsParlMisOSCE', '', '', '', '', '', '', '', '', '']","[' observation for the election in s.a. ', 'election observation in nic election observation ', 'ven/election observation elections ven/election observation']"
255,1004,255_mental_mentale_health_psychosocial,Mental Health Bangladesh,"['mental', 'mentale', 'health', 'psychosocial', 'psychiatric', 'santé', 'van', 'zorg', 'psycho', 'mentally']","['\nMental Health Bangladesh', '', '', '', '', '', '', '', '', '']","[' community research/mental health ', 'mental health mental health ', 'mental health 6304 mental health ']"
256,931,256_turtle_nesting_turtles_conservation,Marine Turtle Conservation,"['turtle', 'nesting', 'turtles', 'conservation', 'marine', 'sea', 'leatherback', 'nests', 'beaches', 'beach']","['\nMarine Turtle Conservation', '', '', '', '', '', '', '', '', '']","['marine turtle conservation fund marine turtle conservation fund marine turtle conservation and assessment in cambodia', 'marine turtle conservation marine turtle conservation community based sea turtle conservation project in coxs bazar, bangladesh', 'marine turtle conservation fund marine turtle conservation fund regional assessment and conservation of arribada olive ridley sea turtles']"
257,1527,257_indirect_student_imputed_costs,"Student costs per country: AZE, MGL, ERY, NAM","['indirect', 'student', 'imputed', 'costs', 'studienplatzkosten', 'indirekte', 'students', 'imputés', 'exemption', 'étudiants']","['\nStudent costs per country: AZE, MGL, ERY, NAM', '', '', '', '', '', '', '', '', '']","['coûts imputés des étudiants - mongolie coûts imputés des étudiants - mongolie coûts imputés des étudiants correspondant aux frais de scolarité des étudiants de mongolie en france', ""coûts imputés des étudiants - erythrée coûts imputés des étudiants - erythrée coûts imputés des étudiants correspondant aux frais de scolarité des étudiants d'erythrée en france"", 'coûts imputés des étudiants - namibie coûts imputés des étudiants - namibie coûts imputés des étudiants correspondant aux frais de scolarité des étudiants de namibie en france']"
258,1330,258_global_education_learning_schools,Global Ed Learning,"['global', 'education', 'learning', 'schools', 'teachers', 'gpe', 'educational', 'éducation', 'report', 'world']","['\nGlobal Ed Learning', '', '', '', '', '', '', '', '', '']","['promoter for global learning promoter for global learning strengthening commitment for global justice and sustainable development by education', 'gobal educationmsu global education msu ', 'f.a: global education f.a: global education global education']"
259,913,259_intellectual_property_patent_ip,Intellectual Prop. Rights Training,"['intellectual', 'property', 'patent', 'ip', 'trademark', 'uspto', 'prv', 'ipr', 'copyright', 'trips']","['\nIntellectual Prop. Rights Training', '', '', '', '', '', '', '', '', '']","['sui-generis legislation on intellectual property r legislat. on intellectual property ', '228 intellectual property rights - återbetalning 228 intellectual property rights - återbetalning international training programme:  intellectual property for least developed countries .', 'us patent & trademark office: uspto/world intellectual property organization (wipo) advanced intellectual property rights (ipr) summer program us patent & trademark office: uspto/world intellectual property organization (wipo) advanced intellectual property rights (ipr) summer program location: alexandria, va. training recipient: unspecified. uspto co-sponsored this training program with the world intellectual property organization (wipo) on intellectual property rights. additional sponsorship was provided by world intellectual property organization (wipo). sponsors: u.s. department of commerce, patent and trademark office (uspto).']"
260,1117,260_bud_humanitarian_echo_user,Humanit. Aid User Ref (2007),"['bud', 'humanitarian', 'echo', 'user', 'aid', 'reference', 'tas', '2007', '2006', 'sdn']","['\n""Humanit. Aid User Ref (2007)""', '', '', '', '', '', '', '', '', '']","['humanitarian aid humanitarian aid humanitarian aid - user reference : echo/tas/bud/2007/02087', 'humanitarian aid humanitarian aid humanitarian aid - user reference : echo/cod/bud/2007/01007', 'humanitarian aid humanitarian aid humanitarian aid - user reference : echo/tas/bud/2007/02074']"
261,909,261_pest_pests_ctrl_plant,Plant/Harvest Pest Control,"['pest', 'pests', 'ctrl', 'plant', 'insect', 'harvest', 'prot', 'armyworm', 'fruit', 'fall']","['\nPlant/Harvest Pest Control', '', '', '', '', '', '', '', '', '']","['gestione forestale agricoltura biologica e commercio plant and post-harvest protection and pest control gestione forestale agricoltura biologica e commercio', ' plant and post-harvest protection and pest control ', 'integrated pest management plant/post-harvest prot. & pest control ']"
262,1035,262_mauritania_mauritanie_mauritanian_nouakchott,"Mauritania agr, health, child, cultural exchange","['mauritania', 'mauritanie', 'mauritanian', 'nouakchott', 'en', 'mauritanienne', 'las', 'la', 'de', 'culturelle']","['\nMauritania agr, health, child, cultural exchange', '', '', '', '', '', '', '', '', '']","[""a'kiz agriculture project mauritania a'kiz agriculture project mauritania a'kiz agriculture project mauritania"", 'itfc government of mauritania syndication (pharmaceutical) itfc government of mauritania syndication (pharmaceutical) ', 'government of mauritania government of mauritania ']"
263,1111,263_environmental_education_training_ambiental,Enviro Ed Trainings,"['environmental', 'education', 'training', 'ambiental', 'environment', 'environnement', 'environnementales', 'éducation', 'ambiente', 'course']","['\nEnviro Ed Trainings', '', '', '', '', '', '', '', '', '']","['expertenbesuch nach deutschland environmental education/training ', 'eepsea training environmental education/training ', 'training of environmental surveyors environmental education/training ']"
264,1372,264_planning_economic_dvpt_policy,Econ Dev Policy Plng,"['planning', 'economic', 'dvpt', 'policy', 'development', 'economique', 'beratung', 'growth', 'dg', 'planification']","['\nEcon Dev Policy Plng', '', '', '', '', '', '', '', '', '']","['economic and development policy/ planning economic and development policy/ planning economic and development policy/ planning', 'scca economic and development policy/planning scca', 'economic+management economic and development policy/planning ']"
265,931,265_influenza_avian_flu_pandemic,Avian flu pandemics prep & control,"['influenza', 'avian', 'flu', 'pandemic', 'poultry', 'hpai', 'ai', 'grippe', 'control', 'infectious']","['\nAvian flu pandemics prep & control', '', '', '', '', '', '', '', '', '']","['avian influenza infectious disease control limit the spread of avian influenza (ai) in animals and help to prevent a human influenza pandemic and in the event of a pandemic provide appropriate humanitarian response. [world health organisation]', 'avian influenza infectious disease control limit the spread of avian influenza (ai) in animals and help to prevent a human influenza pandemic and in the event of a pandemic provide appropriate humanitarian response. [world bank group - other]', 'avian influenza infectious disease control limit the spread of avian influenza (ai) in animals and help to prevent a human influenza pandemic and in the event of a pandemic provide appropriate humanitarian response. [johns hopkins university]']"
266,1095,266_afdb_transport_highways_road,AFDB Transp SubRoads,"['afdb', 'transport', 'highways', 'road', 'sub', 'route', 'sector', 'subsector', 'routier', 'corridor']","['\nAFDB Transp SubRoads', '', '', '', '', '', '', '', '', '']","['akatsi-dzodze-noepe road(akatsi-akanu) akatsi-dzodze-noepe road(akatsi-akanu) afdb sector: transport. afdb sub-sector: transport.', 'akatsi-dzodze-noepe road(akatsi-akanu) akatsi-dzodze-noepe road (akatsi-akanu) afdb sector: transport.  afdb sub-sector: transport.', 'akatsi-dzodze-noepe road(akatsi-akanu) akatsi-dzodze-noepe road(akatsi-akanu) afdb sector: transport.  afdb sub sector:  transport.']"
267,932,267_archéologique_archéologiques_p185_mission,"P185 Archaeological Missions: Takht-i Sangin, Apollonia-Leptis","['archéologique', 'archéologiques', 'p185', 'mission', 'ped', 'missions', 'archaeological', 'fouilles', 'site', 'fouille']","['\nP185 Archaeological Missions: Takht-i Sangin, Apollonia-Leptis', '', '', '', '', '', '', '', '', '']","[""mission archéologique - p185 - tadjikistan - takht-i sangin mission archéologique - p185 - tadjikistan - takht-i sangin mission archéologique - p185 - tadjikistan - takht-i sangin - l'hellénisme en bactriane: l'empreinte des grecs, évolutions, transformations, en prenant appui sur le site de takht-i sangin, ville de 83 ha comprenant une citadelle sur laquelle est implanté le temple de l'oxus. période hellénistique: séleucide, gréco-bactrienne, kouchane (3 s. av. j.-c. – 3e s. ap. j.-c.)."", ""mission archéologique - p185 - libye - apollonia-leptis mission archéologique - p185 - libye - apollonia-leptis mission archéologique - p185 - libye - apollonia-leptis - la mission archéologique française pour la libye antique (maf) se compose de 4 chantiers archéologiques, 3 sites en cyrénaïque (abou tamsa, apollonia et latroun) et 1 site en tripolitaine (leptis magna). la maf couvre l'étude de toutes les périodes historique depuis la préhistoire jusqu'à l'époque byzantine."", ""mission archéologique - p185 - libye - apollonia-leptis mission archéologique - p185 - libye - apollonia-leptis mission archéologique - p185 - libye - apollonia-leptis : la mission archéologique française pour la libye antique (maf) se compose de 4 chantiers archéologiques, 3 sites en cyrénaïque (abou tamsa, apollonia et latroun) et 1 site en tripolitaine (leptis magna). la maf couvre l'étude de toutes les périodes historique depuis la préhistoire jusqu'à l'époque byzantine.""]"
268,1174,268_mgmt_employment_admin_policy,Empl Pol Admin Mgmt,"['mgmt', 'employment', 'admin', 'policy', 'syndicale', 'syndical', 'emploi', 'empleo', 'clat', 'labour']","['\nEmpl Pol Admin Mgmt', '', '', '', '', '', '', '', '', '']","['tribale gemeenschappen - n.-o. employment policy and admin. mgmt. ', 'gruphel employment policy and admin. mgmt. ', 'consultores employment policy and admin. mgmt. ']"
269,952,269_bird_migratory_neotropical_birds,"Habitat conservation for declining grassland birds in Mexico, Nicaragua, and USA","['bird', 'migratory', 'neotropical', 'birds', 'conservation', 'habitat', 'shorebird', 'species', 'acres', 'warbler']","['\nHabitat conservation for declining grassland birds in Mexico, Nicaragua, and USA', '', '', '', '', '', '', '', '', '']","[""full life-cycle conservation for two lis full life-cycle conservation for two lis nicaragua is central america's largest country and harbors some of the best quality tracts of dry forest between mexico and costa rica, making it of critical importance for the conservation of neotropical migratory birds. a full life-cycle approach is needed to effectively conserve neotropical migratory birds. however, a lack of information on the non-breeding ecology of many species of conservation concern hampers effective conservation. the western yellow-billed cuckoo and the southwestern willow flycatcher have experienced substantial population declines, leading to conservation and restoration efforts. this project will contribute to the conservation of the southwestern willow flycatcher and the western yellow-billed cuckoo by locating key overwintering and migratory habitat sites, measuring the presence of these bird species at those sites, and by linking the migrating and wintering populations at these key sites with breeding sites in north america. these applied research efforts will be carried out in parallel with conservation actions focused on restoring and protecting habitat areas, and will build capacity for migratory bird conservation through targeted training to local biologists and through environmental education. this project will improve protection for migratory birds through private lands through establishment of a reserve and partnering with dozens of farmers to restore habitat. ..additional species that will benefit include: olive-sided flycatcher, cerulean warbler, worm-eating warbler, elegant trogon, and canada warbler....."", ""full life-cycle conservation for two lis full life-cycle conservation for two lis a lack of information on the non-breeding ecology of the southwestern willow flycatcher (wifl) (an endangered species) and western yellow-billed cuckoo (a threatened species) prevents effective conservation in their wintering grounds on the pacific slope of nicaragua. both species have experienced substantial population declines and partners seek to better understand the migratory routes, overwintering areas, habitat preferences, and survival rates of these two threatened species. partners will measure these bird's presence at key sites in nicaragua, and link migrating and wintering populations at these sites with breeding sites in north america as well as use remote sensing modeling to identify wifl wintering habitat throughout western nicaragua. these applied research efforts will accompany conservation actions to restore and protect habitat areas, and will build capacity for migratory bird conservation through targeted training to local biologists and through environmental education. this project will improve protection for migratory birds on private lands where partners will increase a new 60 hectare reserve and add another 200 hectares of private protected areas for bird conservation, work with farmers to restore 20 hectares of riparian habitat and work closely with farmers and ranchers to improve habitat on 1000 hectares through a range of land management strategies."", ""full life-cycle conservation for two listed bird species full life-cycle conservation for two listed bird species nicaragua is central america's largest country and harbors some of the best quality tracts of dry forest between mexico and costa rica, making it of critical importance for the conservation of neotropical migratory birds. a full life-cycle approach is needed to effectively conserve neotropical migratory birds. however, a lack of information on the non-breeding ecology of many species of conservation concern hampers effective conservation. the western yellow-billed cuckoo and the southwestern willow flycatcher have experienced substantial population declines, leading to conservation and restoration efforts. this project will contribute to the conservation of the southwestern willow flycatcher and the western yellow-billed cuckoo by locating key overwintering and migratory habitat sites, measuring the presence of these bird species at those sites, and by linking the migrating and wintering populations at these key sites with breeding sites in north america. these applied research efforts will be carried out in parallel with conservation actions focused on restoring and protecting habitat areas, and will build capacity for migratory bird conservation through targeted training to local biologists and through environmental education. this project will improve protection for migratory birds through private lands through establishment of a reserve and partnering with dozens of farmers to restore habitat. ..additional species that will benefit include: olive-sided flycatcher, cerulean warbler, worm-eating warbler, elegant trogon, and canada warbler.....""]"
270,1764,270_reproductive_sexual_adolescent_adolescents,SRH access for youth,"['reproductive', 'sexual', 'adolescent', 'adolescents', 'srhr', 'health', 'sexuelle', 'santé', 'sexuels', 'reproductifs']","['\nSRH access for youth', '', '', '', '', '', '', '', '', '']","['access of young to sexual and reproductive health & gender access of young to sexual and reproductive health & gender prevencion del embarazo tempra', 'access of young to sexual and reproductive health & gender access of young to sexual and reproductive health & gender adolescent sexual and reproduc', 'access of young to sexual and reproductive health & gender access of young to sexual and reproductive health & gender services et mecanismes pour la']"
271,886,271_masters_a3_ka1_ea,"Erasmus Mundus Masters: Membr, Water, Sustainable Dev","['masters', 'a3', 'ka1', 'ea', 'joint', 'mundus', 'epmc', 'erasmus', 'degrees', 'programmes']","['\nErasmus Mundus Masters: Membr, Water, Sustainable Dev', '', '', '', '', '', '', '', '', '']","['e+ ka1 ea joint masters programmes (epmc) a3 e+ ka1 ea joint masters programmes (epmc) a3 erasmus mundus master in membrane engineering', 'e+ ka1 ea joint masters programmes (epmc) a3 e+ ka1 ea joint masters programmes (epmc) a3 joint masters programmes : erasmus mundus master in water and coastal management', 'e+ ka1 ea joint masters programmes (epmc) a3 e+ ka1 ea joint masters programmes (epmc) a3 joint masters programmes : erasmus mundus master in membrane engineering']"
272,1152,272_commodity_title_cost_usaid,USaid Title II Food Aid Costs (non-HIV) - Direct Distrib. (Commodity),"['commodity', 'title', 'cost', 'usaid', 'non', 'distribution', 'direct', 'hiv', 'monetization', 'ii']","['\nUSaid Title II Food Aid Costs (non-HIV) - Direct Distrib. (Commodity)', '', '', '', '', '', '', '', '', '']","['commodity cost of usaid title ii food aid for health/nutrition, direct distribution - non hiv commodity cost of usaid title ii food aid for health/nutrition, direct distribution - non hiv usaid title ii food aid for health/nutrition, direct distribution - non hiv through catholic relief services. commodity cost of wheat, soy blend / metric tons: 9.', 'commodity cost of usaid title ii food aid for health/nutrition, direct distribution - non hiv commodity cost of usaid title ii food aid for health/nutrition, direct distribution - non hiv usaid title ii food aid for health/nutrition, direct distribution - non hiv through catholic relief services. commodity cost of s.f.bulgur / metric tons: 375.', 'commodity cost of usaid title ii food aid for health/nutrition, direct distribution - non hiv commodity cost of usaid title ii food aid for health/nutrition, direct distribution - non hiv usaid title ii food aid for health/nutrition, direct distribution - non hiv through catholic relief services. commodity cost of s.f.bulgur / metric tons: 1,566.']"
273,1043,273_flood_cyclone_reconstruction_rehabilitation,Flood Damage Recovery Projects,"['flood', 'cyclone', 'reconstruction', 'rehabilitation', 'damage', 'hurricane', 'recovery', 'floods', 'damaged', 'mitch']","['\nFlood Damage Recovery Projects', '', '', '', '', '', '', '', '', '']","['flood damage rehabilitation project flood damage rehabilitation project ', 'flood damage rehabilitation project flood damage rehabilitation project flood damage rehabilitation project', 'emergency flood damage rehabilitation project emergency flood damage rehabilitation project product type: project.     emergency flood damage rehabilitation project']"
274,4635,274_humanitarian_food_aid_assistance,"Humanitarian aid, food, affected populations","['humanitarian', 'food', 'aid', 'assistance', 'alimentaire', 'affected', 'emergency', 'populations', 'nutrition', 'urgence']","['\nHumanitarian aid, food, affected populations', '', '', '', '', '', '', '', '', '']","['humanitarian aid humanitarian aid le banquet de la faim', 'humanitarian aid and food assistance humanitarian aid and food assistance chhattisgarh conflict intervention', 'humanitarian aid and food assistance humanitarian aid and food assistance humanitarian aid and food assistance']"
275,946,275_security_ssr_reform_sécurité,Security SSR Reform,"['security', 'ssr', 'reform', 'sécurité', 'réforme', 'defence', 'sector', 'forces', 'secteur', 'council']","['\nSecurity SSR Reform', '', '', '', '', '', '', '', '', '']","['security-sector-reform security-sector-reform security-sector-reform', 'security sector development advisory team meeting costs security system management and reform to provide good practice security sector reform (ssr) advice, programme management and technical assistance to conflict affected states.', 'security sector development advisory team training costs security system management and reform to provide good practice security sector reform (ssr) advice, programme management and technical assistance to conflict affected states.']"
276,2391,276_resilience_climate_change_resilient,Resilience for Clim. Change,"['resilience', 'climate', 'change', 'resilient', 'adaptation', 'résilience', 'communities', 'drought', 'vulnerable', 'coastal']","['\nResilience for Clim. Change', '', '', '', '', '', '', '', '', '']","['climate change and resilience climate change and resilience climate change and resilience', 'resilience for climate change resilience for climate change ', '3.4. resilience and climate change 3.4. resilience and climate change ']"
277,1126,277_equitable_manage_expand_levels,Deliv. Publ. Servs. Nat'l-Loc. Levels (Govt. Adm.),"['equitable', 'manage', 'expand', 'levels', 'delivery', 'capacities', 'governance', 'administration', 'conflict', 'regional']","[""\nDeliv. Publ. Servs. Nat'l-Loc. Levels (Govt. Adm.)"", '', '', '', '', '', '', '', '', '']","['prccu government administration national, regional and local levels of governance expand their capacities to manage the equitable delivery of public services and support conflict reduction', 'cdp government administration national, regional and local levels of governance expand their capacities to manage the equitable delivery of public services and support conflict reduction', 'papna government administration national, regional and local levels of governance expand their capacities to manage the equitable delivery of public services and support conflict reduction']"
278,970,278_aviation_air_safety_icao,"Civil Aviation Safety, Airports, Traffic","['aviation', 'air', 'safety', 'icao', 'traffic', 'airport', 'civil', 'security', 'transport', 'aerien']","['\nCivil Aviation Safety, Airports, Traffic', '', '', '', '', '', '', '', '', '']","[' civil aviation facil. upgrad. ', 'btn. civil aviation 2 btn. civil aviation 2 btn. civil aviation 2', 'civil aviation civil aviation overhead - airports']"
279,1172,279_endowment_democracy_women_grant,Endowment Democracy Grants for Women's Empowerment,"['endowment', 'democracy', 'women', 'grant', 'national', 'womens', 'political', 'organize', 'conduct', 'will']","[""\nEndowment Democracy Grants for Women's Empowerment"", '', '', '', '', '', '', '', '', '']","[""national endowment for democracy grant to women arise for change initiative national endowment for democracy grant to women arise for change initiative to enhance women's political participation by promoting female political aspirants and women's mass mobilization for the 2015 elections in lagos, ogun, and oyo states, women arise for change initiative will conduct leadership trainings for women's organizations, women political aspirants' workshops, and women's political participation advocacy campaigns."", 'national endowment for democracy grant to mehergarh: a centre of learning national endowment for democracy grant to mehergarh: a centre of learning to strengthen the implementation of pro-women legislation and promote leadership and political participation among women. the program will engage with and conduct trainings for government, private sector, civil society and media participants as part of two advocacy campaigns on pro-women laws, and will organize an advanced leadership course on democracy for women.', 'national endowment for democracy grant to public organization nishot national endowment for democracy grant to public organization nishot to promote womens rights in rural areas of tajikistan. a series of trainings for young women will be held.']"
280,1545,280_coopération_cooperation_conference_technique,Coop. Tech. Collab. Meetings.,"['coopération', 'cooperation', 'conference', 'technique', 'partenariat', 'bilatérale', 'accord', 'directe', 'meeting', 'forum']","['\nCoop. Tech. Collab. Meetings.', '', '', '', '', '', '', '', '', '']","['coopération technique: conjoncture coopération technique: conjoncture coopération technique: conjoncture', 'coopération technique: conjoncture prévision coopération technique: conjoncture prévision coopération technique: conjoncture prévision', 'coopération technique insee coopération technique insee coopération technique insee']"
281,819,281_wind_farm_power_mw,Wind power farms,"['wind', 'farm', 'power', 'mw', 'energy', 'turbines', 'zafarana', 'eolos', 'eolien', 'park']","['\nWind power farms', '', '', '', '', '', '', '', '', '']","['kutch wind project kutch wind project kutch wind project', 'jilim wind power wind energy ', 'pecasa wind pecasa wind pecasa wind']"
282,867,282_audiovisuel_audio_audiovisual_audiovisuelle,Audio-Visual Eqmt & Sound,"['audiovisuel', 'audio', 'audiovisual', 'audiovisuelle', 'visual', 'sound', 'equipment', 'enveloppes', 'aar', 'lighting']","['\nAudio-Visual Eqmt & Sound', '', '', '', '', '', '', '', '', '']","['audio-visual equipment audio-visual equipment:culture ', ' audio-visual and sound equipment ', 'audio visual and sound equipment audio visual and sound equipment ']"
283,1437,283_somalia_somali_somaliland_somalie,Somalia Peacebuilding Support,"['somalia', 'somali', 'somaliland', 'somalie', 'diaspora', 'federal', 'puntland', 'peace', 'reconciliation', 'somalis']","['\nSomalia Peacebuilding Support', '', '', '', '', '', '', '', '', '']","['support to somalia country off support to somalia country off ', 'inso somalia inso somalia inso somalia', 'interpeace somalia interpeace somalia ']"
284,890,284_tax_administration_taxation_revenue,"Tax Admin-Revenue Mgmt (OECD, Dev Cts)","['tax', 'administration', 'taxation', 'revenue', 'beps', 'oecd', 'administrations', 'fiscale', 'simplification', 'tiwb']","['\nTax Admin-Revenue Mgmt (OECD, Dev Cts)', '', '', '', '', '', '', '', '', '']","['tax computerization project tax computerization project ', 'tax administratration tax administration ', ' cadastral surv.,prop. tax ']"
285,1131,285_haiti_earthquake_haïti_matthew,Haiti Earthqake Emergency 2010,"['haiti', 'earthquake', 'haïti', 'matthew', 'haití', 'terremoto', 'séisme', 'emergency', 'hurricane', 'humanitarian']","['\nHaiti Earthqake Emergency 2010', '', '', '', '', '', '', '', '', '']","['emergency haiti earthquake 2010 emergency haiti earthquake 2010 nd', 'remittance to unocha for haiti earthquake response remittance to unocha for haiti earthquake response remittance to unocha for haiti earthquake response', 'earthquake support haiti 2010 earthquake support haiti 2010 humanitarian support for the earthquake victims in haiti']"
286,786,286_roma_inclusion_ashkali_egyptian,"Roma incl. Serbia, Kosovo","['roma', 'inclusion', 'ashkali', 'egyptian', 'errc', 'integration', 'serbia', 'egyptians', 'rae', 'rights']","['\nRoma incl. Serbia, Kosovo', '', '', '', '', '', '', '', '', '']","['ccf support to roma preschool children in bujanovac ccf support to roma preschool children in bujanovac ', 'bel roma education fund bel roma education fund bel roma education fund', 'roma mahalla roma mahalla ']"
287,893,287_advocacy_leadership_communication_unaids,"Leadership, Advocacy, Comm (UNAIDS '20 SERV Travel Costs)","['advocacy', 'leadership', 'communication', 'unaids', '513', '518', '519', 'communications', '2020', 'serv']","[""\nLeadership, Advocacy, Comm (UNAIDS '20 SERV Travel Costs)"", '', '', '', '', '', '', '', '', '']","['leadership, advocacy and communication leadership, advocacy and communication satphone xt-lite thuraya', 'leadership, advocacy and communication leadership, advocacy and communication ergonomic chairs', 'leadership, advocacy and communication leadership, advocacy and communication blk canon toner cartridge']"
288,2910,288_scholarships_students_chevening_becas,Chev Schols UK Postgrad Contrib Dev,"['scholarships', 'students', 'chevening', 'becas', 'scholarship', 'ayudas', 'ugr', 'higher', 'offered', 'postgraduate']","['\nChev Schols UK Postgrad Contrib Dev', '', '', '', '', '', '', '', '', '']","['chevening scholarships in phillipines chevening scholarships in phillipines assistance in line with uk objectives on chevening scholarships in philippines which enables students to pursue postgraduate study at uk higher education institutions, returning to contribute to the development of their home country', 'chevening scholarships in nauru chevening scholarships in nauru chevening scholarships in nauru which enable students to pursue postgraduate study at uk higher education institutions, returning to contribute to the development of their home country', 'chevening scholarships in eswatini chevening scholarships in eswatini chevening scholarships in eswatini which enable students to pursue postgraduate study at uk higher education institutions, returning to contribute to the development of their home country']"
289,888,289_eurasian_european_taxes_affairs,European Affairs: Fed Tax Excl. Emp Shr. Payments,"['eurasian', 'european', 'taxes', 'affairs', 'bureau', 'federal', 'payments', 'or', 'other', 'grants']","['\nEuropean Affairs: Fed Tax Excl. Emp Shr. Payments', '', '', '', '', '', '', '', '', '']","['bureau of european and eurasian affairs - access prizren 2.0 bureau of european and eurasian affairs - access prizren 2.0 u.s. department of state: bureau of european and eurasian affairs. access prizren 2.0[covers grants (including revenue- sharing), subsidies, gratuities, and other aid for which cash payments are made to states, other political subdivisions, corporations, associations, and individuals, contributions to international societies, commissions, proceedings, or projects, whether in lump sum or as quotas of expenses, contributions fixed by treaty, grants to foreign countries, taxes imposed by taxing authorities where the federal government has consented to taxation (excluding the employers share of federal insurance contribution act taxes), and payments in lieu of taxes. includes readjustment and other benefits for veterans, other than indemnities for death or disability.]', 'bureau of european and eurasian affairs - demcom kulturni centar damad bureau of european and eurasian affairs - demcom kulturni centar damad u.s. department of state: bureau of european and eurasian affairs. demcom kulturni centar damad[covers grants (including revenue- sharing), subsidies, gratuities, and other aid for which cash payments are made to states, other political subdivisions, corporations, associations, and individuals, contributions to international societies, commissions, proceedings, or projects, whether in lump sum or as quotas of expenses, contributions fixed by treaty, grants to foreign countries, taxes imposed by taxing authorities where the federal government has consented to taxation (excluding the employers share of federal insurance contribution act taxes), and payments in lieu of taxes. includes readjustment and other benefits for veterans, other than indemnities for death or disability.]', 'bureau of european and eurasian affairs - enam bootcamp bureau of european and eurasian affairs - enam bootcamp u.s. department of state: bureau of european and eurasian affairs. enam bootcamp[covers grants (including revenue- sharing), subsidies, gratuities, and other aid for which cash payments are made to states, other political subdivisions, corporations, associations, and individuals, contributions to international societies, commissions, proceedings, or projects, whether in lump sum or as quotas of expenses, contributions fixed by treaty, grants to foreign countries, taxes imposed by taxing authorities where the federal government has consented to taxation (excluding the employers share of federal insurance contribution act taxes), and payments in lieu of taxes. includes readjustment and other benefits for veterans, other than indemnities for death or disability.]']"
290,836,290_air_pollution_quality_abatement,Air Pollution Mitigation,"['air', 'pollution', 'quality', 'abatement', 'clean', 'atmospheric', 'industrial', 'bc', 'megacity', 'emissions']","['\nAir Pollution Mitigation (Beijing)', '', '', '', '', '', '', '', '', '']","['249 air pollution manag        249 air pollution 249 air pollution manag        249 air pollution ', 'air pollution air pollution ', 'air pollution air pollution air pollution']"
291,1187,291_pepfar_president_aids_hiv,AIDS Relief for Global Health,"['pepfar', 'president', 'aids', 'hiv', 'relief', 'plan', 'suffering', 'emergency', 'largest', 'grants']","[""\nPresident's AIDS Relief for Global Health"", '', '', '', '', '', '', '', '', '']","[""global aids: hiv-focused population surveys in countries supported under the president's emergency plan for aids relief (pepfar) global aids: hiv-focused population surveys in countries supported under the president's emergency plan for aids relief (pepfar) the u.s. president's emergency plan for aids relief (pepfar) is the u.s. government initiative to help save the lives of those suffering from hiv/aids around the world. this historic commitment is the largest by any nation to combat a single disease internationally, and pepfar investments also help alleviate suffering from other diseases across the global health spectrum. pepfar is the cornerstone and largest component of the u.s. president's global health initiative. with a special focus on improving the health of women, newborns and children, the global health initiative's goal is to save the greatest number of lives by increasing and building upon what works and, then, supporting countries as they work to improve the health of their own people."", ""global aids: accelerating hiv epidemic control in soroti region in uganda under the president's emergency plan for aids relief (pepfar) global aids: accelerating hiv epidemic control in soroti region in uganda under the president's emergency plan for aids relief (pepfar) the u.s. president's emergency plan for aids relief (pepfar) is the u.s. government initiative to help save the lives of those suffering from hiv/aids around the world. this historic commitment is the largest by any nation to combat a single disease internationally, and pepfar investments also help alleviate suffering from other diseases across the global health spectrum. pepfar is the cornerstone and largest component of the u.s. president's global health initiative. with a special focus on improving the health of women, newborns and children, the global health initiative's goal is to save the greatest number of lives by increasing and building upon what works and, then, supporting countries as they work to improve the health of their own people."", ""global aids: accelerating hiv epidemic control in soroti region in uganda under the president's emergency plan for aids relief (pepfar) global aids: accelerating hiv epidemic control in soroti region in uganda under the president's emergency plan for aids relief (pepfar) the u.s. president's emergency plan for aids relief (pepfar) is the u.s. government initiative to help save the lives of those suffering from hiv/aids around the world. this historic commitment is the largest by any nation to combat a single disease internationally, and pepfar investments also help alleviate suffering from other diseases across the global health spectrum. pepfar is the cornerstone and largest component of the u.s. president's global health initiative. with a special focus on improving the health of women, newborns and children, the global health initiative's goal is to save the greatest number of lives by increasing and building upon what works and, then, supporting countries as they work to improve the health of their own people. - president's emergency plan for aids relief (pepfar)""]"
292,847,292_gas_pipeline_natural_gaz,Gas Dev Proj: Pipe Nat Dist & Stor,"['gas', 'pipeline', 'natural', 'gaz', 'distribution', 'songo', 'liquefied', 'lng', 'transmission', 'expansion']","['\nGas Dev Proj: Pipe Nat Dist & Stor', '', '', '', '', '', '', '', '', '']","[' gas insulated transformer ', 'liquefied petrol. gas liquefied petrol. gas ', ' gas dehydration plts ']"
293,1035,293_african_pepfar_affairs_bureau,African Affairs VAT Supplies,"['african', 'pepfar', 'affairs', 'bureau', 'covers', 'state', 'pco', 'department', 'vat', 'receivables']","['\nAfrican Affairs VAT Supplies', '', '', '', '', '', '', '', '', '']","['bureau of african affairs - pco upss for workstations bureau of african affairs - pco upss for workstations u.s. department of state: bureau of african affairs. pco upss for workstations[covers receivables established for refund of value added taxes (vat)]', 'bureau of african affairs - npl subscription for pepfar bureau of african affairs - npl subscription for pepfar u.s. department of state: bureau of african affairs. [covers receivables established for refund of value added taxes (vat)]', 'bureau of african affairs - state pepfar laptops bureau of african affairs - state pepfar laptops u.s. department of state: bureau of african affairs. laptops[covers receivables established for refund of value added taxes (vat)]']"
294,780,294_ka2_a4_ea_call,E+ KA2 EA Intl Higher Ed Cap Bldg (Call 2015),"['ka2', 'a4', 'ea', 'call', 'higher', 'building', 'capacity', 'education', 'international', '2015']","['\nE+ KA2 EA Intl Higher Ed Cap Bldg (Call 2015)', '', '', '', '', '', '', '', '', '']","['e+-ka2-ea-international higher education capacity building (call 2015)-a4 e+-ka2-ea-international higher education capacity building (call 2015)-a4 international higher education capacity building : geoservices-4-sustainability/geos4s', 'e+ ka2 ea international higher education capacity building (call 2015) a4 e+ ka2 ea international higher education capacity building (call 2015) a4 strengthening of internationalisation in b&h higher education', 'e+-ka2-ea-international higher education capacity building (call 2015)-a4 e+-ka2-ea-international higher education capacity building (call 2015)-a4 e+-ka2-ea-international higher education capacity building (call 2015)-a4']"
295,885,295_prison_prisons_prisoners_detention,Prison Reform & Construction,"['prison', 'prisons', 'prisoners', 'detention', 'penitentiary', 'détenus', 'inmates', 'détention', 'réinsertion', 'reform']","['\nPrison Reform & Construction', '', '', '', '', '', '', '', '', '']","['programme for pavlodar prison programme for pavlodar prison ', 'anguilla prison project anguilla prison project anguilla prison project', 'prison project prison project prison project']"
296,2085,296_teacher_teachers_enseignants_training,Teacher Training,"['teacher', 'teachers', 'enseignants', 'training', 'formation', 'education', 'enseignement', 'encadrement', 'éducation', 'teaching']","['\nTeacher Training', '', '', '', '', '', '', '', '', '']","[' education teacher training imrs', ' education teacher training niall', 'est.+dist.-teachers teacher training ']"
297,1171,297_cost_food_commodity_under,Food aid costs - Food for Ed prog - Commodities,"['cost', 'food', 'commodity', 'under', 'freight', 'aid', 'metric', 'tons', 'gross', 'progress']","['\nFood aid costs - Food for Ed prog - Commodities', '', '', '', '', '', '', '', '', '']","['commodity cost of food aid under food for education program commodity cost of food aid under food for education program food aid (food for education) commodity cost for flour, wheat [320 metric tons]', 'commodity cost of food aid under food for education program commodity cost of food aid under food for education program food aid (food for education) commodity cost for peas [3,550 metric tons]', 'commodity cost of food aid under food for education program commodity cost of food aid under food for education program food aid (food for education) commodity cost for sorghum [460 metric tons]']"
298,760,298_crédits_postes_étranger_autres,"Posts abroad aid: higher ed, research, culture","['crédits', 'postes', 'étranger', 'autres', 'intervention', 'supérieur', 'français', 'recherche', 'enseignement', 'culture']","['\nPosts abroad aid: higher ed, research, culture', '', '', '', '', '', '', '', '', '']","[""autres crédits d'intervention des postes à l'étranger autres crédits d'intervention des postes à l'étranger libye - autres crédits d'intervention des postes à l'étranger -dcerr/lfe - aide scolarisation en libye"", ""autres crédits d'intervention des postes à l'étranger autres crédits d'intervention des postes à l'étranger algerie - autres crédits d'intervention des postes à l'étranger -ena,dgfp,idri,micl"", ""autres crédits d'intervention des postes à l'étranger autres crédits d'intervention des postes à l'étranger algerie - autres crédits d'intervention des postes à l'étranger -appui à la préservation du patrimoine""]"
299,1133,299_icrc_appeal_red_cross,ICRC Red Cross Appeals,"['icrc', 'appeal', 'red', 'cross', 'committee', 'cicr', 'emergency', 'crescent', 'international', 'appeals']","['\nICRC Red Cross Appeals', '', '', '', '', '', '', '', '', '']","['icrc appeal 2008 icrc appeal 2008 the icrc programmes are divided into four main areas, namely protection, assistance, prevention and cooperation with national red cross and red crescent societies.', 'ikrk - sitzbudget international committee of the red cross (icrc) ', ""norwegian red cross. icrc's emergency appeal norwegian red cross. icrc's emergency appeal protection, assistance and prevention in cooperation with red cross/red crescent movement and myanmar red cross.""]"
300,853,300_mobility_movilidad_erasmus_mundus,"Erasmus mobility: students, grants, EA, academic, aid","['mobility', 'movilidad', 'erasmus', 'mundus', 'étudiante', 'mobilité', 'estudiantes', 'ayudas', 'internationalization', 'a3']","['\nErasmus mobility: students, grants, EA, academic, aid', '', '', '', '', '', '', '', '', '']","['africa mobility pilots africa mobility pilots africa mobility pilots', 'networked research mobility & health networked research mobility & health ', 'apters mobility aid project apters mobility aid project apters mobility aid project']"
301,943,301_turkey_turkish_phare_ipa,Turkey NP Istanbul 2005 PHARE IPA,"['turkey', 'turkish', 'phare', 'ipa', 'istanbul', '2005', 'np', 'programme', 'eu', 'national']","['\nTurkey NP Istanbul 2005 PHARE IPA', '', '', '', '', '', '', '', '', '']","['turkey turkey support to turkey appeal/compendium', 'programme turkey programme turkey programme turkey', 'rri turkey rri turkey rri turkey']"
302,1673,302_admin_policy_health_management,Health Pol'cy Admin Mgmt,"['admin', 'policy', 'health', 'management', 'ac', 'administrative', 'determinants', 'systems', 'santé', 'cvca']","[""\nHealth Pol'cy Admin Mgmt"", '', '', '', '', '', '', '', '', '']","['mrtsp health policy & admin. management ', 'taweste- hans ã… health policy & admin. management ', ' health policy & admin. management health']"
303,1052,303_afdb_sanitation_supply_water,AFDB WSS Sub-Sectors,"['afdb', 'sanitation', 'supply', 'water', 'sector', 'sub', 'aepa', 'subsector', 'asdb', 'milieu']","['\nAFDB WSS Sub-Sectors', '', '', '', '', '', '', '', '', '']","['pasea - i2021 pasea - i2021 afdb sector: water supply and sanitation. afdb sub-sector: water supply and sanitation.', 'prptc prptc afdb sector: water supply and sanitation. afdb sub-sector: water supply and sanitation.', 'assanissemen brazzaville et pointe-noire assanissemen brazzaville et pointe-noire afdb sector: water supply and sanitation.  afdb sub sector:  water supply and sanitation.']"
304,775,304_scientist_exchanges_grants_scientists,Exch. Grants. Sci. Cap. Bldg.,"['scientist', 'exchanges', 'grants', 'scientists', 'funding', 'exchange', 'field', 'research', 'building', 'technological']","['\nExch. Grants. Sci. Cap. Bldg.', '', '', '', '', '', '', '', '', '']","['funding for scientist exchanges, grants funding for scientist exchanges, grants bioflotation of sulfides in seawater - research on bioeconomy / resource conservation', 'funding for scientist exchanges, grants funding for scientist exchanges, grants detopunt - de-thorning of opuntia by smart laser scanning - capacity building in the field of education and research', 'funding for scientist exchanges, grants funding for scientist exchanges, grants establishment of a danube region network for biomedical photonics (medphotnet) - capacity building in the field of education and research']"
305,773,305_cholera_choléra_outbreak_cólera,Outbreak Response Aid Haiti,"['cholera', 'choléra', 'outbreak', 'cólera', 'haiti', 'response', 'oral', 'humanitarian', 'ocv', 'vaccine']","['\nOutbreak Response Aid Haiti', '', '', '', '', '', '', '', '', '']","['humanitarian aid humanitarian aid measles outbreak response', 'humanitarian aid humanitarian aid response to cholera outbreak in haiti', 'humanitarian aid humanitarian aid health response to the cholera outbreak in haiti']"
306,2306,306_hiv_aids_orphans_prevention,HIV/AIDS Youth & Children,"['hiv', 'aids', 'orphans', 'prevention', 'child', 'children', 'survival', 'transmission', 'youth', 'vih']","['\nHIV/AIDS Youth & Children', '', '', '', '', '', '', '', '', '']","['npl hiv / aids npl hiv / aids care and support for hiv/aids affected children', 'children with hiv aids children with hiv aids ', 'h148 hiv/aids - care for children and par hiv/aids - care for children ']"
307,1056,307_freight_corn_total_metric,Freight Corn US AID Food Aid Feeding,"['freight', 'corn', 'total', 'metric', 'tons', 'title', 'blend', 'soya', 'wheat', 'usaid']","['\nFreight Corn US AID Food Aid Feeding', '', '', '', '', '', '', '', '', '']","['total freight for  corn, soya blend / metric tons: 740. total freight for  corn, soya blend usaid title ii food aid.  other emergency', 'total freight for  corn, soya blend / metric tons: 155. total freight for  corn, soya blend usaid title ii food aid.  school feeding', 'total freight for corn soya blend / metric tons: 3200 total freight for corn soya blend / metric tons: 3200 usaid title ii food aid.  refugee feeding program.  this is an emergency-funded program.']"
308,1062,308_audiovisual_executive_horizontal_culture,"EU Audiovisual Horiz., Erasmus Mundus, Tempus, Ed. Exec. Cult. Agency","['audiovisual', 'executive', 'horizontal', 'culture', 'agency', 'tempus', 'erasmus', 'reference', 'programmes', 'agencyregional']","['\nEU Audiovisual Horiz., Erasmus Mundus, Tempus, Ed. Exec. Cult. Agency', '', '', '', '', '', '', '', '', '']","['education audiovisual & culture executive agency  - regional and horizontal programmes education audiovisual & culture executive agency  - regional and horizontal programmes erasmus mundus - master international vintage, vine, wine and terroir management reference : 2009-1471 - vintage', 'education audiovisual & culture executive agency - regional and horizontal programmes education audiovisual & culture executive agency - regional and horizontal programmes erasmus mundus - master international vintage, vine, wine and terroir management reference : 2009-1471 - vintage', 'education audiovisual & culture executive agency  - regional and horizontal programmes education audiovisual & culture executive agency  - regional and horizontal programmes erasmus mundus -  reference : 2008-1799 ecw - l11 gent (fpa2008-1015)']"
309,1001,309_taxes_payments_african_federal,"African taxes, Fed. Exc. Act excl. Emp. Shr.","['taxes', 'payments', 'african', 'federal', 'contributions', 'grants', 'other', 'consented', 'indemnities', 'or']","['\nAfrican taxes, Fed. Exc. Act excl. Emp. Shr.', '', '', '', '', '', '', '', '', '']","['bureau of african affairs - ssh fy20 groupement rogo sougri nooma bureau of african affairs - ssh fy20 groupement rogo sougri nooma u.s. department of state: bureau of african affairs. ssh fy20 groupement rogo sougri nooma[covers grants (including revenue- sharing), subsidies, gratuities, and other aid for which cash payments are made to states, other political subdivisions, corporations, associations, and individuals, contributions to international societies, commissions, proceedings, or projects, whether in lump sum or as quotas of expenses, contributions fixed by treaty, grants to foreign countries, taxes imposed by taxing authorities where the federal government has consented to taxation (excluding the employers share of federal insurance contribution act taxes), and payments in lieu of taxes. includes readjustment and other benefits for veterans, other than indemnities for death or disability.]', 'bureau of african affairs - mills for the orphanages bureau of african affairs - mills for the orphanages u.s. department of state: bureau of african affairs. mills for the orphanages[covers grants (including revenue- sharing), subsidies, gratuities, and other aid for which cash payments are made to states, other political subdivisions, corporations, associations, and individuals, contributions to international societies, commissions, proceedings, or projects, whether in lump sum or as quotas of expenses, contributions fixed by treaty, grants to foreign countries, taxes imposed by taxing authorities where the federal government has consented to taxation (excluding the employers share of federal insurance contribution act taxes), and payments in lieu of taxes. includes readjustment and other benefits for veterans, other than indemnities for death or disability.]', 'bureau of african affairs - touchifuture bureau of african affairs - touchifuture u.s. department of state: bureau of african affairs. touchifuture [covers grants (including revenue- sharing), subsidies, gratuities, and other aid for which cash payments are made to states, other political subdivisions, corporations, associations, and individuals, contributions to international societies, commissions, proceedings, or projects, whether in lump sum or as quotas of expenses, contributions fixed by treaty, grants to foreign countries, taxes imposed by taxing authorities where the federal government has consented to taxation (excluding the employers share of federal insurance contribution act taxes), and payments in lieu of taxes. includes readjustment and other benefits for veterans, other than indemnities for death or disability.]']"
310,1176,310_drought_sécheresse_affected_emergency,Drought relief Ethiopia emergencies,"['drought', 'sécheresse', 'affected', 'emergency', 'response', 'ethiopia', 'humanitarian', 'relief', 'somalia', 'sequía']","['\nDrought relief Ethiopia emergencies', '', '', '', '', '', '', '', '', '']","['drought (el nino) r1250 drought (el nino) ', 'srk - irkf drought (delegate) srk irkf drought (delegate) ', 'drought - el nino (r1282) drought - el nino ']"
311,750,311_focusing_programming_households_scheme,"Perf. Prog. For Poor Hous., Understand Change, Results","['focusing', 'programming', 'households', 'scheme', 'understanding', 'performance', 'poor', 'results', 'partnership', 'change']","['\nPerf. Prog. For Poor Hous., Understand Change, Results', '', '', '', '', '', '', '', '', '']","['performance-based partnership scheme focusing on quality programming, understanding  change and  results for poor households and communities performance-based partnership scheme focusing on quality programming, understanding  change and  results for poor households and communities programme grant partner public engagememt - na - na', 'performance-based partnership scheme focusing on quality programming, understanding\xa0 change and\xa0 results for poor households and communities performance-based partnership scheme focusing on quality programming, understanding\xa0 change and\xa0 results for poor households and communities b) research & learning', 'performance-based partnership scheme focusing on quality programming, understanding  change and  results for poor households and communities performance-based partnership scheme focusing on quality programming, understanding  change and  results for poor households and communities public engagememt']"
312,1548,312_energy_renewable_grid_electricity,Renewable Energy Africa,"['energy', 'renewable', 'grid', 'electricity', 'africa', 'power', 'access', 'énergie', 'électricité', 'efficiency']","['\nRenewable Energy Africa', '', '', '', '', '', '', '', '', '']","['africa renewable energy fund - achwa 1 africa renewable energy fund - achwa 1 ', 'renewable energy renewable energy contribution to africa investment platform (aip) for the sustainable energy programme in ethiopia', 'fx - facilitiy for renewable energy and energy efficiency in africa fx - facilitiy for renewable energy and energy efficiency in africa fx - facilitiy for renewable energy and energy efficiency in africa']"
313,1912,313_employment_youth_jeunes_emploi,Youth Employmnt,"['employment', 'youth', 'jeunes', 'emploi', 'employability', 'skills', 'young', 'jobs', 'insertion', 'opportunities']","['\nYouth Employmnt', '', '', '', '', '', '', '', '', '']","[' youth employment support ', 'youth and employment youth and employment ', 'bj-youth employment (fy14) bj-youth employment (fy14) bj-youth employment (fy14)']"
314,903,314_flood_river_control_drainage,Flood Control & Prevention,"['flood', 'river', 'control', 'drainage', 'inondations', 'protection', 'risk', 'basin', 'prevention', 'floods']","['\nFlood Control & Prevention', '', '', '', '', '', '', '', '', '']","['flood control, bandung flood control, bandung flood control, bandung', ' flood control studie ', ' flood control project ']"
315,728,315_sea_polar_baltic_deep,"Deep Sea Collab Proj, Dev Ctry Resilience","['sea', 'polar', 'baltic', 'deep', 'lithosphere', 'oceanic', 'continental', 'stc', 'geo', 'etc']","['\nDeep Sea Collab Proj, Dev Ctry Resilience', '', '', '', '', '', '', '', '', '']","['regional systems research (baltic sea, north sea, deep sea, polar regions, etc.) regional systems research (baltic sea, north sea, deep sea, polar regions, etc.) collaborative project -  scientific and technical cooperation indonesia -spice iii -macoras - coral reef resilience and associated social systems in indonesia, sub-project 2 -connectivity of coral reefs - research on improving livelihoods in the developing country which are affected by environmental change and marine pollution', 'regional systems research (baltic sea, north sea, deep sea, polar regions, etc.) regional systems research (baltic sea, north sea, deep sea, polar regions, etc.) collaborative project -  scientific and technical cooperation indonesia -spice iii -mabico - impact of marine pollution on biodiversity and coastal livelihood, sub-project 1 -microbial biodiversity - research on improving livelihoods in the developing country which are affected by environmental change and marine pollution', 'regional systems research (baltic sea, north sea, deep sea, polar regions, etc.) regional systems research (baltic sea, north sea, deep sea, polar regions, etc.) collaborative project -  scientific and technical cooperation indonesia -spice iii -mabico - impact of marine pollution on biodiversity and coastal livelihood, sub-project 2 -modelling of nutrient distribution - research on improving livelihoods in the developing country which are affected by environmental change and marine pollution']"
316,959,316_libya_libyan_libye_stabilisation,Libya StabDev Transition,"['libya', 'libyan', 'libye', 'stabilisation', 'stabilization', 'political', 'transition', 'tripoli', 'justice', 'dialogue']","['\nLibya StabDev Transition', '', '', '', '', '', '', '', '', '']","['eu for civil society in libya eu for civil society in libya ', ""programme libya's resilien pip programme libya's resilien pip programme for libya's resilience and recovery – pl2r"", 'support to who in libya support to who in libya humanitarian assistace to libya 2022']"
317,817,317_ppte_refinancement_echeance_c2d,"Refinancement PPTE 31 Oct-12, Guinea C2D 30 Apr-21","['ppte', 'refinancement', 'echeance', 'c2d', 'bdf', '31', '30', '04', 'afd', '01']","['\nRefinancement PPTE 31 Oct-12, Guinea C2D 30 Apr-21', '', '', '', '', '', '', '', '', '']","['refinancement ppte echeance 31 refinancement ppte refinancment initiative ppte', 'refinancement ppte echeance 31 refinancement ppte refinancement initiative ppte', 'c2d - refinancement echeance ppte 30/10/2017 c2d - refinancement echeance ppte 30/10/2017 2eme c2d guinée du 30/04/2017 au 31/12/2021']"
318,773,318_library_libraries_bibliotecas_biblioteca,Library strategies '30 for culture',"['library', 'libraries', 'bibliotecas', 'biblioteca', 'books', 'bibliothèque', 'librarians', 'biblioteques', 'museums', 'reading']","[""\nLibrary strategies '30 for culture'"", '', '', '', '', '', '', '', '', '']","['library library library', 'css (irlc) library library ', 'library management library management library management: conduct workshops on strategic planning in libraries']"
319,930,319_ngos_maps_predictable_irish,NGO capacity building in Sichuan,"['ngos', 'maps', 'predictable', 'irish', 'ngo', 'flexible', 'longer', 'operate', 'programmatic', 'capacity']","['\nNGO capacity building in Sichuan', '', '', '', '', '', '', '', '', '']","[' aid through ngos:  research ', 'strengthening ngos strengthening ngos ', 'support to ngos support to ngos support to ngos']"
320,1381,320_mgmt_admin_agricultural_pilotage,Agric Pol Admin Mgmt,"['mgmt', 'admin', 'agricultural', 'pilotage', 'conduite', 'agriculture', 'policy', 'directions', 'politiques', 'forêt']","['\nAgric Pol Admin Mgmt', '', '', '', '', '', '', '', '', '']","['icarda agricultural policy and admin. mgmt ', 'farmesa agricultural policy and admin. mgmt ', 'redpa/ossrea agricultural policy and admin. mgmt ']"
321,797,321_migrant_labour_migration_workers,Lab Migr Work Protg,"['migrant', 'labour', 'migration', 'workers', 'branch', 'fair', '32500', 'constituents', 'contribution', 'migrants']","['\nLab Migr Work Protg', '', '', '', '', '', '', '', '', '']","[""policies and programmes implemented by constituents aimed at protecting migrant workers' rights and promoting decent employment for the syrian refugees and migrant workers contribution of 32500-labour migration branch (migrant) contribution of 32500-labour migration branch (migrant)"", 'increased capacity of constituents to develop fair and effective labour migration frameworks, institutions and services to protect migrant workers contribution of 32500-labour migration branch (migrant) contribution of 32500-labour migration branch (migrant)', 'enhanced capacity for better governance of labour migration and protection of migrant workers contribution of 32500-labour migration branch (migrant) contribution of 32500-labour migration branch (migrant)']"
322,702,322_inactivity_unhealthy_unsafe_diets,"Risk factor reductions: sex, drugs, phys, assoc, AC, edu","['inactivity', 'unhealthy', 'unsafe', 'diets', 'alcohol', 'tobacco', 'sex', 'drugs', 'factors', 'physical']","['\nRisk factor reductions: sex, drugs, phys, assoc, AC, edu', '', '', '', '', '', '', '', '', '']","['acrwandareduction of risk factors associated with tobacco, alcohol, drugs, unhealthy diets, physical inactivity and unsafe sex ac: rwandareduction of risk factors associated with tobacco, alcohol, drugs, unhealthy diets, physical inactivity and unsafe sex health education', 'acnamibiareduction of risk factors associated with tobacco, alcohol, drugs, unhealthy diets, physical inactivity and unsafe sex ac: namibiareduction of risk factors associated with tobacco, alcohol, drugs, unhealthy diets, physical inactivity and unsafe sex health education', 'acugandareduction of risk factors associated with tobacco, alcohol, drugs, unhealthy diets, physical inactivity and unsafe sex ac: ugandareduction of risk factors associated with tobacco, alcohol, drugs, unhealthy diets, physical inactivity and unsafe sex health education']"
323,1471,323_bank_banque_africa_banks,African SME loans from banks,"['bank', 'banque', 'africa', 'banks', 'african', 'fund', 'pme', 'financement', 'proparco', 'africinvest']","['\nAfrican SME loans from banks', '', '', '', '', '', '', '', '', '']","[""prêt à diamond trust bank kenya : renforcer les capacités de la banque au profit des pme et des entreprises prêt à diamond trust bank kenya : renforcer les capacités de la banque au profit des pme et des entreprises la ligne de crédit de proparco permettra de soutenir le développement de l'activité de diamond trust bank auprès des pme et des entreprises ayant des revenus en usd."", ""prêt à diamond trust bank kenya : renforcer les capacités de la banque au profit des pme et des entreprises prêt à diamond trust bank kenya : renforcer les capacités de la banque au profit des pme et des entreprises diamond trust bank kenya est une banque kenyane de taille moyenne particulièrement proche des pme. l'appui de proparco va lui permettre de développer son activité auprès des pme et des entreprises qui ont des revenus en dollars. diamond trust bank kenya (dtbk) est une banque kenyane de taille moyenne créée en 1945.\xa0 elle est détenue majoritairement par l'institution de développement akfed. dtbk est présente sur tous les segments de l'intermédiation financière: les pme, son coeur de métier, mais également les grandes entreprises et les particuliers. la banque compte 55 agences au kenya, dont 33 à nairobi. la ligne de crédit de proparco permettra de soutenir le développement de l'activité de diamond trust bank auprès des pme et des entreprises ayant des revenus en usd. cette opération permettra de renforcer les capacités locales de financement, dans un pays où les ressources financières de long terme sont insuffisantes. elle participera ainsi au développement du secteur privé dans des secteurs économiques clés comme la construction, le\xa0 commerce, l'agroalimentaire ou les télécommunications. elle favorisera en outre un meilleur accès à des services financiers, à travers son réseau d'agences qui sera élargi."", ""dfcu bank : un prêt pour soutenir une banque active auprès des pme en ouganda dfcu bank : un prêt pour soutenir une banque active auprès des pme en ouganda deuxième banque commerciale d'ouganda, dfcu bank accompagne majoritairement des pme et est très présente auprès des entrepreneurs informels, des petits planteurs et des femmes. ce prêt permettra à la banque  de répondre aux importants besoins de financements en dollars des pme du pays. créée en 1964 en tant que banque de développement par la cdc britannique et le gouvernement ougandais e dfcu bank est aujourd'hui la deuxième banque commerciale du pays, avec un total de bilan de plus de 800 millions de dollars au 31 décembre 2017, 67 succursales et 100 distributeurs automatiques de billets. dfcu bank propose une large palette de services bancaires à une clientèle composée de plus de 450.000 particuliers, pme et entreprises. ce nouveau financement,  octroyé conjointement par proparco et par le fmo, son homologue néerlandais, permettra à dfcu bank de répondre à l'importante demande émanant des pme qui génèrent des revenus en dollars et qui ont besoin de financements à long terme en dollars pour leurs investissements de long terme. dfcu bank a pour projet de financer les pme ougandaises (65% du portefeuille) et de développer son réseau d'agences en ouvrant plus de 1500 nouvelles agences dans des zones rurales. ce projet contribuera ainsi à l'inclusion financière et à la diversification du secteur financier. en termes d'impact économique, le projet devrait permettre de soutenir ou créer plus de 1100 emplois locaux au sein de dfcu bank et de crane bank dont dfcu a récemment fait l'acquisition. de plus, la banque est très présente auprès des entrepreneurs informels et des petits planteurs pour lesquels elle a développé des produits de save for loan spécifiques et des services d'assistance technique. dfcu bank offre également des produits et services à destination des femmes à travers son programme women in business qui touche 8000 femmes, et son business women advisory council et participe ainsi à la réduction des inégalités hommes-femmes en ouganda.""]"
324,702,324_fredskorpset_exchange_personnel_personell,"Fredskorpset exch. Personnel, dev. Partners","['fredskorpset', 'exchange', 'personnel', 'personell', 'partners', 'corps', 'norway', 'betwn', 'vary', 'establ']","['\nFredskorpset exch. Personnel, dev. Partners', '', '', '', '', '', '', '', '', '']","['fredskorpset personnel exchange fredskorpset personnel exchange exchange focusing on agriculture and sustainable development', 'fredskorpset personnel exchange fredskorpset personnel exchange youth sport exchange programme', 'fredskorpset personnel exchange fredskorpset personnel exchange development of neurosurgery services in ethiopia']"
325,874,325_canadian_canada_canadians_canadiens,Canadian intl dev coop boosting global citizenship,"['canadian', 'canada', 'canadians', 'canadiens', 'développement', 'canadiennes', 'les', 'international', 'des', 'et']","['\nCanadian intl dev coop boosting global citizenship', '', '', '', '', '', '', '', '', '']","['manitoba council for international cooperation - connecting with canadians / manitoba council for international cooperation - s engager avec les canad manitoba council for international cooperation - connecting with canadians / manitoba council for international cooperation - s engager avec les canad this project aims to involve more canadians, especially children and youth, as global citizens and agents of change, increasing the participation and the support of canada s efforts in international development. activities include: 1) holding workshops and training for canadians as well as public outreach and information sessions on important international development subjects, (2) organizing capacity building events for their members (canadian organizations working abroad), and (3) working with schools (teachers and students) on different projects like video competitions and creating course material relating to international development, and important international issues for teachers to use in class. this initiative targets canadians and canadian organizations working in international development as well as the communities they help abroad. / ce projet vise une contribution accrue des canadiennes et des canadiens, notamment des enfants et des jeunes, en tant que citoyens du monde et agents de changement, augmentant ainsi leur participation et appui aux efforts du canada en faveur du développement international. les activités incluent : (1) tenir des ateliers et des formations pour les canadiennes et les canadiens ainsi que des séances d information pour le public sur des enjeux importants du développement international, (2) organiser des évènements de renforcement des capacités pour leurs membres (organisations canadiennes oeuvrant à l étranger), et (3) travailler avec les écoles (enseignants et élèves) sur différents projets tels que des compétitions de vidéo/film ainsi que sur la création d outils pédagogiques reliés au développement international et aux questions internationales clés pour les enseignants. cette initiative cible les canadiennes et canadiens et les organisations canadiennes oeuvrant dans le domaine du développement international ainsi que les communautés auxquelles ils viennent en aide à l étranger.', ""saskatchewan council for international cooperation - connecting with canadians/saskatchewan council for international cooperation - s'engager avec les canadiens saskatchewan council for international cooperation - connecting with canadians/saskatchewan council for international cooperation - s'engager avec les this project aims to involve more canadians, especially children and youth, as global citizens and agents of change, increasing the participation and the support of canada's efforts in international development.activities include: 1) holding workshops and training for canadians as well as public outreach and information sessions on important international development subjects, (2) organizing capacity building events for their members (canadian organizations working abroad), and (3) working with schools (teachers and students) on different projects like video competitions and creating course material relating to international development, and important international issues for teachers to use in class.this initiative targets canadians and canadian organizations working in international development as well as the communities they help abroad./ ce projet vise une contribution accrue des canadiennes et des canadiens, notamment des enfants et des jeunes, en tant que citoyens du monde et agents de changement, augmentant ainsi leur participation et appui aux efforts du canada en faveur du développement international.les activités incluent : (1) tenir des ateliers et des formations pour les canadiennes et les canadiens ainsi que des séances d'information pour le public sur des enjeux importants du développement international, (2) organiser des évènements de renforcement des capacités pour leurs membres (organisations canadiennes œuvrant à l'étranger), et (3) travailler avec les écoles (enseignants et élèves) sur différents projets tels que des compétitions de vidéo/film ainsi que sur la création d'outils pédagogiques reliés au développement international et aux questions internationales clés pour les enseignants.cette initiative cible les canadiennes et canadiens et les organisations canadiennes œuvrant dans le domaine du développement international ainsi que les communautés auxquelles ils viennent en aide à l'étranger."", 'saskatchewan council for international cooperation - connecting with canadians / saskatchewan council for international cooperation - s engager avec l saskatchewan council for international cooperation - connecting with canadians / saskatchewan council for international cooperation - s engager avec l this project aims to involve more canadians, especially children and youth, as global citizens and agents of change, increasing the participation and the support of canada s efforts in international development. activities include: 1) holding workshops and training for canadians as well as public outreach and information sessions on important international development subjects, (2) organizing capacity building events for their members (canadian organizations working abroad), and (3) working with schools (teachers and students) on different projects like video competitions and creating course material relating to international development, and important international issues for teachers to use in class. this initiative targets canadians and canadian organizations working in international development as well as the communities they help abroad. / ce projet vise une contribution accrue des canadiennes et des canadiens, notamment des enfants et des jeunes, en tant que citoyens du monde et agents de changement, augmentant ainsi leur participation et appui aux efforts du canada en faveur du développement international. les activités incluent : (1) tenir des ateliers et des formations pour les canadiennes et les canadiens ainsi que des séances d information pour le public sur des enjeux importants du développement international, (2) organiser des évènements de renforcement des capacités pour leurs membres (organisations canadiennes oeuvrant à l étranger), et (3) travailler avec les écoles (enseignants et élèves) sur différents projets tels que des compétitions de vidéo/film ainsi que sur la création d outils pédagogiques reliés au développement international et aux questions internationales clés pour les enseignants. cette initiative cible les canadiennes et canadiens et les organisations canadiennes oeuvrant dans le domaine du développement international ainsi que les communautés auxquelles ils viennent en aide à l étranger.']"
326,678,326_translation_editing_translations_english,Translation proj (ENG-SPA-FRA),"['translation', 'editing', 'translations', 'english', 'traduction', 'interpretation', 'services', 'book', 'translational', 'documents']","['\nTranslation proj (ENG-SPA-FRA)', '', '', '', '', '', '', '', '', '']","['translation memo translation memo ', 'translation instructions translation instructions ', 'translation, kajsa p translation kajsa p ']"
327,699,327_peanut_used_funds_processing,"Capacity bldg projects: processing, funds, cooperatives","['peanut', 'used', 'funds', 'processing', 'marketing', 'cooperative', 'shea', 'production', 'butter', 'groundnut']","['\nCapacity bldg projects: processing, funds, cooperatives', '', '', '', '', '', '', '', '', '']","['boidie cereal marketing capacity building project boidie cereal marketing capacity building project the project funds will be used to increase its post-harvest processing, storage, and marketingcapacity.', ""ihe onye-buobi cassava processing capacity building project ihe onye-buobi cassava processing capacity building project the project funds will be used to develop the cooperative's internal capacity in business management, financial management and technical cassava and garriproduction and establish a small garriprocessing facility."", ""rélwendé women's production capacity building project rélwendé women's production capacity building project the project funds will be used for trainings including financial management, cooperative management, and a business plan. while the focus is on capacity building funds will also be used to improve production by providing working capital for inputs, constructing a storage facility and conducting agricultural training.""]"
328,1056,328_usg_gathering_disseminating_baseline,"USG prog des learning: needs assess, strategies, disseminate","['usg', 'gathering', 'disseminating', 'baseline', 'studies', 'or', 'element', 'demonstration', 'note', 'learned']","['\nUSG prog des learning: needs assess, strategies, disseminate', '', '', '', '', '', '', '', '', '']","['program design and learning (fp) family planning develop and conduct needs assessments baseline studies targeted evaluations special studies or other information-gathering efforts specifically for the design monitoring and evaluation of usg-funded programs. this sub-element may also include developing and disseminating best practices and lessons learned testing demonstration and/or pilot models or the preparation of strategic plans and other short-term programming tasks. note: all such activities that are carried out by partners as an in [government of benin]', 'program design and learning (fp) family planning develop and conduct needs assessments baseline studies targeted evaluations special studies or other information-gathering efforts specifically for the design monitoring and evaluation of usg-funded programs. this sub-element may also include developing and disseminating best practices and lessons learned testing demonstration and/or pilot models or the preparation of strategic plans and other short-term programming tasks. note: all such activities that are carried out by partners as an in [government of malawi]', 'program design and learning (basic ed) primary education develop and conduct needs assessments baseline studies targeted evaluations special studies or other information-gathering efforts specifically for the design monitoring and evaluation of usg-funded programs. this sub-element may also include developing and disseminating best practices and lessons learned testing demonstration and/or pilot models or the preparation of strategic plans and other short-term programming tasks. note: all such activities that are carried out by partners as an in [government of mali]']"
329,1139,329_syria_syrie_syrienne_syrian,Syria Crisis 2019-22 Peace Dialogue,"['syria', 'syrie', 'syrienne', 'syrian', 'arabe', 'syrien', 'cdcs', 'république', 'p209', 'opposition']","['\nSyria Crisis 2019-22 Peace Dialogue', '', '', '', '', '', '', '', '', '']","['eie - syria eie - syria eie in syria', 'inso syria inso syria inso syria', 'unocha in syria unocha in syria unocha in syria']"
330,661,330_adolescence_ageing_pregnancy_stages,Stages of Life SRH AC,"['adolescence', 'ageing', 'pregnancy', 'stages', 'childhood', 'reproductive', 'sexual', 'life', 'ac', 'including']","['\nStages of Life SRH AC', '', '', '', '', '', '', '', '', '']","['aclaoskey stages of life including pregnancy, childhood, adolescence and ageing and sexual and reproductive health ac: laoskey stages of life including pregnancy, childhood, adolescence and ageing and sexual and reproductive health reproductive health care', 'actogokey stages of life including pregnancy, childhood, adolescence and ageing and sexual and reproductive health ac: togokey stages of life including pregnancy, childhood, adolescence and ageing and sexual and reproductive health reproductive health care', 'aczambiakey stages of life including pregnancy, childhood, adolescence and ageing and sexual and reproductive health ac: zambiakey stages of life including pregnancy, childhood, adolescence and ageing and sexual and reproductive health reproductive health care']"
331,748,331_petroleum_oil_gas_exploration,"Petroleum Proj. (prod., expl., tech.)","['petroleum', 'oil', 'gas', 'exploration', 'products', 'crude', 'refined', 'storage', 'imports', 'petrol']","['\nPetroleum Proj. (prod., expl., tech.)', '', '', '', '', '', '', '', '', '']","['crude oil and petroleum products crude oil and petroleum products crude oil and petroleum products', 'crude oil, petroleum products and lng crude oil, petroleum products and lng ', 'crude oil and refined petroleum products crude oil and refined petroleum products crude oil and refined petroleum products']"
332,662,332_definitional_mission_dm_llc,Definal Missions: Energy Sectors,"['definitional', 'mission', 'dm', 'llc', 'firm', 'aviation', 'sector', 'energy', 'projects', 'opportunities']","['\nDefinal Missions: Energy Sectors', '', '', '', '', '', '', '', '', '']","['power sector - definitional mission power sector - definitional mission power sector - definitional mission.  [firm: eesd, llc]', 'refinery sector - definitional mission refinery sector - definitional mission refinery sector - definitional mission', 'petrochemical projects - definitional mission petrochemical projects - definitional mission petrochemical projects - definitional mission']"
333,844,333_harbour_maritime_port_portuaria,Maritime Transport & Policy,"['harbour', 'maritime', 'port', 'portuaria', 'ships', 'vessel', 'vessels', 'boats', 'ferry', 'trainfortrade']","['\nMaritime Transport & Policy', '', '', '', '', '', '', '', '', '']","[' maritime trnspor. reinfor ', 'transport maritime a l interieur du golfe de tadjoura transport maritime a l interieur du golfe de tadjoura transport maritime a l interieur du golfe de tadjoura', ' maritime transport policy formul. ']"
334,907,334_employers_workers_representative_organizations,Emplr-Orgs-Strengthened-Institutional-Capacity-Outcome-10,"['employers', 'workers', 'representative', 'organizations', 'strong', 'outcome', 'strengthened', 'institutional', 'organisations', '10']","['\nEmplr-Orgs-Strengthened-Institutional-Capacity-Outcome-10', '', '', '', '', '', '', '', '', '']","[""srb801 - sae new services and advocacy srb801 - sae new services and advocacy strengthened institutional capacity of employers' organisations - outcome 10 - strong and representative employers' and workers' organizations"", ""project geo802 - 580100 project geo802 - 580100 strengthened institutional capacity of workers' organisations - outcome 10 - strong and representative employers' and workers' organizations"", ""project smo802 - 580100 project smo802 - 580100 strengthened institutional capacity of workers' organisations - outcome 10 - strong and representative employers' and workers' organizations""]"
335,767,335_cpr_mainstream_environment_concerns,National Capacities - Enviro Dev Plan Mainstreaming,"['cpr', 'mainstream', 'environment', 'concerns', 'strengthened', 'mgmt', 'admin', 'plans', 'energy', 'environmental']","['\nNational Capacities - Enviro Dev Plan Mainstreaming', '', '', '', '', '', '', '', '', '']","['environment programme environmental policy and admin. mgmt strengthened national capacities to mainstream environment and energy concerns into national development plans and implementation systems (cpr).', 'environment environmental policy and admin. mgmt strengthened national capacities to mainstream environment and energy concerns into national development plans and implementation systems (cpr).', 'energy and environment program environmental policy and admin. mgmt strengthened national capacities to mainstream environment and energy concerns into national development plans and implementation systems (cpr).']"
336,888,336_citizenship_ciudadanía_global_educación,Global Citizenship Ed. Projects,"['citizenship', 'ciudadanía', 'global', 'educación', 'una', 'el', 'para', 'los', 'con', 'que']","['\nGlobal Citizenship Ed. Projects', '', '', '', '', '', '', '', '', '']","['young cadiz for a global citizenship young cadiz for a global citizenship título completo del proyecto: jóvenes gaditanos, para una ciudadanía global :: sensibilización en institutos de secundaria', 'global environmental citizenship (gec) global environmental citizenship (gec) ', 'business/global corp citizenship business/global corp. citizenship ']"
337,643,337_reverse_mission_trade_rtm,"Reverse Missions: Tech, Health, EM, China","['reverse', 'mission', 'trade', 'rtm', 'technologies', 'elliot', 'delegates', 'koeppen', 'visit', 'smart']","['\nReverse Missions: Tech, Health, EM, China', '', '', '', '', '', '', '', '', '']","['reverse trade mission - emergency management sector reverse trade mission reverse trade mission - emergency management sector reverse trade mission reverse trade mission - emergency management sector reverse trade mission, through washington strategic advisors, llc', 'reverse trade mission - desalination technologies reverse trade mission reverse trade mission - desalination technologies reverse trade mission reverse trade mission - desalination technologies reverse trade mission, through ked group, llc', 'reverse trade mission - health equipment reverse trade mission reverse trade mission - health equipment reverse trade mission reverse trade mission - health equipment reverse trade mission, through millennium science & engineering, inc.']"
338,641,338_honey_beekeeping_bee_beekeepers,"Honey prod. & mktg., org. Income, value chain","['honey', 'beekeeping', 'bee', 'beekeepers', 'apiculture', 'bees', 'miel', 'production', 'apicole', 'abeilles']","['\nHoney prod. & mktg., org. Income, value chain', '', '', '', '', '', '', '', '', '']","['f.a: honey for the future f.a: honey for the future the project supports small producers in guatemala to generate income from honey production and improves their capacities to mitigate and adapt to the effects of climate change. it also supports the latin american honey network to advocate for honey producers and increase their markets. beekeeping can be a great source of income generation for small producers in guatemala, as well as an alternative source of income for coffee producers. however, in recent years, bees and beekeeping are facing multiple challenges. the human activities such as deforestation, the development of intensive monocultures, the use of agrochemicals among others, are directly affecting beekeeping, causing a loss of flora, fauna and biodiversity, and so altering ecosystems and putting the lives of bees at risk. climate change has also a very negative influence on beekeeping, as changes in rainfall regimes no longer coincide with flowering seasons, causing a substantial drop in honey production. moreover, the small-beekeepers are combatting over the markets with cheap ?fake-honey? which is based on syrup mainly. the project will support the honey producers to start organic production, which, apart from protecting the ecosystem, will improve their positioning in the special honey markets. capacity building on good beekeeping practices will be provided and climate change adaptation plans made. especially the project encourages women, youth, and rural poor to consider beekeeping as a livelihood option. the project also supports clac?s honey network to assume the role of representation and leadership for the small honey producers in the latin america and the caribbean. the goal of the project is to ensure the beekeepers? right to a sustainable livelihood. the project?s purpose is improved capacities of small beekeepers? organizations in guatemala to adapt to the climate change. direct beneficiaries are 7 organizations of small honey producers with a total of 1320 producers (23% women). during the project implementation, the project is encouraging more people to test and start honey production, thus the number of beneficiaries will increase. implementing partner organizations are latin american and the caribbean network of small fairtrade producers, clac and la coordinadora guatemalteca de pequeños productores de comercio justo (cgcj) in collaboration with honey importing company hunajainen sam and an educational organisation ecosur. http://clac-comerciojusto.org/  - http://www.cgcj.org.gt/', 'honey production and honey products production honey production and honey products production support to increasin honey production and honey products production', 'honey production and honey products production honey production and honey products production support to increasing honey production and honey products production']"
339,1187,339_dã_santã_coopã_rã,Coop healthcare dev't & mutual schemes,"['dã', 'santã', 'coopã', 'rã', 'veloppement', 'mã', 'ration', 'sã', 'intã', 'prã']","[""\nCoop healthcare dev't & mutual schemes"", '', '', '', '', '', '', '', '', '']","['coopã‰ration santã‰ coopã‰ration santã‰ ', 'coopã‰ration avec le ministãˆre de la santã‰ coopã‰ration avec le ministãˆre de la santã‰ ', 'dã‰veloppement de mutuelles de santã‰ dã‰veloppement de mutuelles de santã‰ dã‰veloppement de mutuelles de santã‰']"
340,721,340_informatiques_prestations_cs_cc,Informatic services (CS CC DI) Brussels 2021,"['informatiques', 'prestations', 'cs', 'cc', 'di', '07390', '07335', 'prestation', '07704', '07331']","['\nInformatic services (CS CC DI) Brussels 2021', '', '', '', '', '', '', '', '', '']","['cs 11889 cc di/7701 prestations informatiques cs 11889 cc di/7701 prestations informatiques prestations informatiques', 'cs 14928 cc di/07330 prestations informatiques cs 14928 cc di/07330 prestations informatiques prestations informatiques', 'cs 10052 cc di/07338 - prestations informatiques cs 10052 cc di/07338 - prestations informatiques prestataions informatiques']"
341,1108,341_girls_filles_education_éducation,Girls Ed (10),"['girls', 'filles', 'education', 'éducation', 'secondary', 'inscrit', 'school', 'girl', 'fr', 'sommaire5']","['\nGirls Ed (10)', '', '', '', '', '', '', '', '', '']","['girls explain physics girls explain physics girls explain physics', '4077. girls education girls education girls education', 'girls education girls education girls education']"
342,1778,342_syria_syrie_humanitarian_syrian,Syria Humanitarian Crisis Aid,"['syria', 'syrie', 'humanitarian', 'syrian', 'millions', 'crisis', 'humanitaire', 'personnes', 'affected', 'assistance']","['\nSyria Humanitarian Crisis Aid', '', '', '', '', '', '', '', '', '']","['syria syria syria projects - health services. water and sanitation.', 'humanitarian support to syria humanitarian support to syria humanitarian support to syria', 'humanitarian assistance syria humanitarian assistance syria grant for the syria emergency response fund (cerf syr), office for the coordination of humanitarian affairs']"
343,632,343_fire_fighting_brigade_engine,Fire safety equipment & services,"['fire', 'fighting', 'brigade', 'engine', 'firefighting', 'engines', 'rescue', 'truck', 'incendie', 'equipment']","['\nFire safety equipment & services', '', '', '', '', '', '', '', '', '']","[' fire engines/rubbish skips ', ' fire brigade barracks ', 'fire extinguishers fire extinguishers fire extinguishers']"
344,805,344_literacy_reading_adult_alphabétisation,Literacy-Adult-Functional,"['literacy', 'reading', 'adult', 'alphabétisation', 'adults', 'grade', 'read', 'alfabetización', 'functional', 'numeracy']","['\nLiteracy-Adult-Functional', '', '', '', '', '', '', '', '', '']","['literacy and development in assiut and sohag literacy and development in assiut and sohag literacy and development in assiut and sohag', 'e004 literacy literacy ', 'hausa - literacy hausa - literacy ']"
345,2203,345_society_civil_société_civile,"Civil Soc'y Strengthening OEG, TZA, COSTAU","['society', 'civil', 'société', 'civile', 'zimbabwe', 'democratic', 'kenya', 'civic', 'governance', 'strengthening']","[""\nCivil Soc'y Strengthening OEG, TZA, COSTAU"", '', '', '', '', '', '', '', '', '']","['- satnet/oeganda strengthening civil society ', 'cosatuanc strengthening civil society ', 'democracy support in tanzania strengthening civil society ']"
346,983,346_loan_programmatic_policy_second,"Dev Policy Loans (prog fin sec, 2)","['loan', 'programmatic', 'policy', 'second', 'reform', 'financial', 'sector', 'fiscal', 'adjustment', 'subprogram']","['\nDev Policy Loans (prog fin sec, 2)', '', '', '', '', '', '', '', '', '']","['development policy loan 2 development policy loan 2 ', ' development policy loan 1 ', ' programmatic financial sector development policy loan ']"
347,635,347_fertilizer_urea_plant_fertilizers,Fertilizer Plant,"['fertilizer', 'urea', 'plant', 'fertilizers', 'ammonia', 'ashuganj', 'chittagong', 'jiujiang', 'aonla', 'weihe']","['\nFertilizer Plant Yunnan', '', '', '', '', '', '', '', '', '']","[' fertilizer demonstr./distrib. progra ', ' fertilizer (1500 t) ', 'urea fertilizer plt., aonla urea fertilizer plt., aonla urea fertilizer plt., aonla']"
348,634,348_stages_internships_iyip_psij,Intl Youth Internships CIDA ACDI,"['stages', 'internships', 'iyip', 'psij', 'acdi', 'cida', 'internationaux', 'canadian', 'internship', 'canada']","['\nIntl Youth Internships CIDA ACDI', '', '', '', '', '', '', '', '', '']","[""rooftops canada - international internships 2009-2013 / abri international - stages internationaux 2009-2013 informal/semi-formal fin. intermed. this project is part of cida's international youth internship program (iyip), funded by canada's youth employment strategy (yes). it is designed to offer young canadian post-secondary graduates the opportunity to gain professional experience through international cooperation work. as a general rule, cida provides up to $15,000 per internship to canadian organizations that manage the internship and recruit interns. / ce projet fait partie du programme de stages internationaux pour les jeunes (psij) de l'acdi, programme financé par la stratégie emploi jeunesse (sej) du gouvernement du canada. le programme offre à des jeunes canadiennes et canadiens récemment diplômés (collège ou université) une expérience professionnelle de travail pratique dans le domaine de la coopération internationale. l'acdi verse normalement un maximum de 15 000 $ par stage à des organisations canadiennes qui gèrent les stages et recrutent les stagiaires."", ""plan nagua - international internships 2010-2013 / plan nagua - stages internationaux 2010-2013 rural development this project is part of cida's international youth internship program (iyip), funded by canada's youth employment strategy (yes). it is designed to offer young canadian post-secondary graduates the opportunity to gain professional experience through international cooperation work. as a general rule, cida provides up to $15,000 per internship to canadian organizations that manage the internship and recruit interns. / ce projet fait partie du programme de stages internationaux pour les jeunes (psij) de l'acdi, programme financé par la stratégie emploi jeunesse (sej) du gouvernement du canada. le programme offre à des jeunes canadiennes et canadiens récemment diplômés (collège ou université) une expérience professionnelle de travail pratique dans le domaine de la coopération internationale. l'acdi verse normalement un maximum de 15 000 $ par stage à des organisations canadiennes qui gèrent les stages et recrutent les stagiaires."", ""rooftops canada - international internships 2009-2013 / abri international - stages internationaux 2009-2013 social mitigation of hiv/aids this project is part of cida's international youth internship program (iyip), funded by canada's youth employment strategy (yes). it is designed to offer young canadian post-secondary graduates the opportunity to gain professional experience through international cooperation work. as a general rule, cida provides up to $15,000 per internship to canadian organizations that manage the internship and recruit interns. / ce projet fait partie du programme de stages internationaux pour les jeunes (psij) de l'acdi, programme financé par la stratégie emploi jeunesse (sej) du gouvernement du canada. le programme offre à des jeunes canadiennes et canadiens récemment diplômés (collège ou université) une expérience professionnelle de travail pratique dans le domaine de la coopération internationale. l'acdi verse normalement un maximum de 15 000 $ par stage à des organisations canadiennes qui gèrent les stages et recrutent les stagiaires.""]"
349,642,349_genital_mutilation_fgm_female,Female Genital Mutilation Stopping,"['genital', 'mutilation', 'fgm', 'female', 'mgf', 'mutilación', 'mutilations', 'femenina', 'abandonment', 'cutting']","['\nFemale Genital Mutilation Stopping', '', '', '', '', '', '', '', '', '']","['female genital mutilation female genital mutilation female genital mutilation', 'female genital mutilation female genital mutilation ', 'stopping female geniatal mutilation in afar stopping female geniatal mutilation in afar stopping female geniatal mutilation in afar']"
350,823,350_csf_ngos_irish_block,"Irish NGO co-financing, block & multi-annual, Dev Assist funding","['csf', 'ngos', 'irish', 'block', 'ireland', 'dev', 'assist', 'funding', 'annual', 'ngo']","['\nIrish NGO co-financing, block & multi-annual, Dev Assist funding', '', '', '', '', '', '', '', '', '']","['ngo co-financing - support to ngos - irish - csf dev assist. project - csf070-0803 support afric ngo co-financing - support to ngos - irish - csf dev assist. project - csf070-0803 support afric the civil society fund comprises of project funding to a large number of mid-sized and small ngos plus a number of large international non government human rights organisations.  the fund is divided into two mechanisms: multi-annual block grants multi-annual project grants multi-annual block grants provides funding for a multiple of projects under one application and reporting mechanism.  it reduces the administrative and reporting burden on partners and focuses irish aid capacity on tracking quality and results.  action aid (€0.85m) oxfam (€1.226m) and world vision ireland (€1.15m) are in receipt of block grant funding since 2003.  they are undergoing assessment to inform how they should be funded post 2010.  in the interim, they will receive transition funding equivalent to their 2009 allocation.  a further set of partners have more recently being approved for block grant funding, these include aidlink €0.96m, cbm €0.64m, childfund ireland €0.62m, fairtrade ireland €3.84m, frontline €0.45m, health unlimited €0.3m, helpage international €0.5m, mercy corp scotland €0.25m, minority rights group €0.4m, plan ireland €0.8m, progressio €0.7m sightsavers international ireland €0.78m, tearfund €0.546, the carter center €0.390m, vita €0.7m, vso ireland €0.96m and war on want ni €0.40m.  a number of organisations with absorptive capacity problems received no cost extensions in 2009 and will receive no payment in 2010 (children in crossfire  and the foreign ministry of el salvador ngo programme). multi-annual project funding csf multi-annual project funding is provided to irish and international ngos via 3 year grants, and a maximum of €200,000 per year per project. projects covering themes such as livelihood security, health and hiv, education and human rights were funded on a multi annual basis under this mechanism.   there was no funding round in 2009.  in 2010, the civil society section enters the financial year with substantial pre-commitments from prior years, estimated at €6.59m.  a review of eligibility for funding will take place this year and the appraisal process will be strengthened.  a limited round will be held mid-year by invitation to existing irish aid partners which are no longer in receipt of a grant.', 'ngo co-financing - support to ngos - irish - csf dev assist. block - dev health units prog ngo co-financing - support to ngos - irish - csf dev assist. block - dev health units prog the civil society fund comprises of project funding to a large number of mid-sized and small ngos plus a number of large international non government human rights organisations.  the fund is divided into two mechanisms: multi-annual block grants multi-annual project grants multi-annual block grants provides funding for a multiple of projects under one application and reporting mechanism.  it reduces the administrative and reporting burden on partners and focuses irish aid capacity on tracking quality and results.  action aid (€0.85m) oxfam (€1.226m) and world vision ireland (€1.15m) are in receipt of block grant funding since 2003.  they are undergoing assessment to inform how they should be funded post 2010.  in the interim, they will receive transition funding equivalent to their 2009 allocation.  a further set of partners have more recently being approved for block grant funding, these include aidlink €0.96m, cbm €0.64m, childfund ireland €0.62m, fairtrade ireland €3.84m, frontline €0.45m, health unlimited €0.3m, helpage international €0.5m, mercy corp scotland €0.25m, minority rights group €0.4m, plan ireland €0.8m, progressio €0.7m sightsavers international ireland €0.78m, tearfund €0.546, the carter center €0.390m, vita €0.7m, vso ireland €0.96m and war on want ni €0.40m.  a number of organisations with absorptive capacity problems received no cost extensions in 2009 and will receive no payment in 2010 (children in crossfire  and the foreign ministry of el salvador ngo programme). multi-annual project funding csf multi-annual project funding is provided to irish and international ngos via 3 year grants, and a maximum of €200,000 per year per project. projects covering themes such as livelihood security, health and hiv, education and human rights were funded on a multi annual basis under this mechanism.   there was no funding round in 2009.  in 2010, the civil society section enters the financial year with substantial pre-commitments from prior years, estimated at €6.59m.  a review of eligibility for funding will take place this year and the appraisal process will be strengthened.  a limited round will be held mid-year by invitation to existing irish aid partners which are no longer in receipt of a grant.', 'ngo co-financing - support to ngos - irish - csf dev assist. block - csfbg122-0804 sightsavers ngo co-financing - support to ngos - irish - csf dev assist. block - csfbg122-0804 sightsavers the civil society fund comprises of project funding to a large number of mid-sized and small ngos plus a number of large international non government human rights organisations.  the fund is divided into two mechanisms: multi-annual block grants multi-annual project grants multi-annual block grants provides funding for a multiple of projects under one application and reporting mechanism.  it reduces the administrative and reporting burden on partners and focuses irish aid capacity on tracking quality and results.  action aid (€0.85m) oxfam (€1.226m) and world vision ireland (€1.15m) are in receipt of block grant funding since 2003.  they are undergoing assessment to inform how they should be funded post 2010.  in the interim, they will receive transition funding equivalent to their 2009 allocation.  a further set of partners have more recently being approved for block grant funding, these include aidlink €0.96m, cbm €0.64m, childfund ireland €0.62m, fairtrade ireland €3.84m, frontline €0.45m, health unlimited €0.3m, helpage international €0.5m, mercy corp scotland €0.25m, minority rights group €0.4m, plan ireland €0.8m, progressio €0.7m sightsavers international ireland €0.78m, tearfund €0.546, the carter center €0.390m, vita €0.7m, vso ireland €0.96m and war on want ni €0.40m.  a number of organisations with absorptive capacity problems received no cost extensions in 2009 and will receive no payment in 2010 (children in crossfire  and the foreign ministry of el salvador ngo programme). multi-annual project funding csf multi-annual project funding is provided to irish and international ngos via 3 year grants, and a maximum of €200,000 per year per project. projects covering themes such as livelihood security, health and hiv, education and human rights were funded on a multi annual basis under this mechanism.   there was no funding round in 2009.  in 2010, the civil society section enters the financial year with substantial pre-commitments from prior years, estimated at €6.59m.  a review of eligibility for funding will take place this year and the appraisal process will be strengthened.  a limited round will be held mid-year by invitation to existing irish aid partners which are no longer in receipt of a grant.']"
351,1606,351_scac_culturelle_p185_coopération,"Programm 185, french cooperation and cultural action services","['scac', 'culturelle', 'p185', 'coopération', 'postes', 'crédit', 'p209', 'intervention', 'service', 'action']","['\nPoste cultural P185 credit cooperation intervention Bourse Service Action', '', '', '', '', '', '', '', '', '']","[""p185 - scac - géorgie - bourse - crédit d'intervention des postes  - bgf p185 - scac - géorgie - bourse - crédit d'intervention des postes  - bgf p185 - scac - géorgie - bourse - crédit d'intervention des postes  - bgf   - bourses du gouvernement français (programme unilatéral) - noms des partenaires :  - site internet :"", ""p185 - scac - albanie - bourse  - crédit d'intervention des postes  - bourses p185 - scac - albanie - bourse  - crédit d'intervention des postes  - bourses p185 - scac - albanie - bourse  - crédit d'intervention des postes  - bourses - coopération dans les domaines du patrimoine et de l'archéologie - noms des partenaires : non transmis - site internet :"", ""p185 - scac - albanie - bourse - crédit d'intervention des postes  - bourses p185 - scac - albanie - bourse - crédit d'intervention des postes  - bourses p185 - scac - albanie - bourse - crédit d'intervention des postes  - bourses - coopération scientifique et universitaire - noms des partenaires : non transmis - site internet :""]"
352,613,352_internship_un_duty_intern,Internship duties,"['internship', 'un', 'duty', 'intern', 'assignment', 'station', 'unric', 'period', 'undp', 'august']","['\nInternship duties NY/Aug', '', '', '', '', '', '', '', '', '']","['internship internship stipend, internship unric bruxelles.', 'un internship nora mehsen unric un internship nora mehsen unric un internship nora  mehsen, uniric, brussel', 'internship internship stipend, internship unwra.']"
353,877,353_echo_bud_tas_01000,Echo Humanitarian Aid 2006,"['echo', 'bud', 'tas', '01000', '210', 'humanitarian', '2005', '2006', '02000', 'aid']","['\nEcho Humanitarian Aid 2006', '', '', '', '', '', '', '', '', '']","['echo/tas/bud/2006/03013 echo/tas/bud/2006/03013 humanitarian aid', 'echo/tas/bud/2006/03024 echo/tas/bud/2006/03024 humanitarian aid', 'echo/-sa/bud/2006/01000 echo/-sa/bud/2006/01000 humanitarian aid']"
354,639,354_tibet_tibetan_tibetans_tibétains,Endowment Democracy Tibet HR Grants,"['tibet', 'tibetan', 'tibetans', 'tibétains', 'endowment', 'democracy', 'exile', 'chinese', 'grant', 'traditions']","['\nEndowment Democracy Tibet HR Grants', '', '', '', '', '', '', '', '', '']","['national endowment for democracy grant to tibetan centre for human rights and democracy national endowment for democracy grant to tibetan centre for human rights and democracy to monitor, document and highlight political repression and human rights violations in tibet. the group will conduct research on the human rights situation and legal landscape in tibet and will produce a variety of reports based on its findings.  it will also strengthen its chinese research desk and create an interactive database on tibetan political prisoners.', 'national endowment for democracy grant to tibetan centre for human rights and democracy national endowment for democracy grant to tibetan centre for human rights and democracy to monitor, document, and highlight political repression and human rights violations in tibet. the organization will conduct research on the human rights situation and legal landscape in tibet and will produce a variety of reports based on its findings.  it will also strengthen its chinese research desk and create an interactive database on tibetan political prisoners.', 'national endowment for democracy grant to tibetan centre for human rights and democracy national endowment for democracy grant to tibetan centre for human rights and democracy to monitor, document, and highlight political repression and human rights violations in tibet. the grantee will conduct research on the human rights situation and legal landscape in tibet and the status of tibetan democracy in exile, and it will produce a variety of reports based on its findings. it will also strengthen its chinese research desk and create an interactive database on tibetan political prisoners.']"
355,933,355_syria_syrian_food_humanitarian,Syrian humanitarian aid: food & assistance,"['syria', 'syrian', 'food', 'humanitarian', 'alimentaire', 'assistance', 'wfp', 'pam', 'affected', 'aid']","['\nSyrian humanitarian aid: food & assistance', '', '', '', '', '', '', '', '', '']","['humanitarian aid and food assistance humanitarian aid and food assistance inso syria', 'humanitarian aid and food assistance humanitarian aid and food assistance assistance to populations affected by the syria crisis', 'humanitarian aid and food assistance humanitarian aid and food assistance assistance to vulnerable syrian populations in lebanon affected by the events in syria to meet their food and non-food essentials']"
356,706,356_afdb_sub_sector_social,AFDB Soc Ed Tech,"['afdb', 'sub', 'sector', 'social', 'subsector', 'education', 'sante', 'appui', 'educ', 'projet']","['\nAFDB Soc Ed Tech', '', '', '', '', '', '', '', '', '']","['eduction (i)-(complementaire) eduction (i)-(complementaire) afdb sector: social.  afdb sub sector:  education.', ""developpemt de l'enseignemt scientif.& technologiq developpemt de l'enseignemt scientif.& technologiq afdb sector: social.  afdb sub sector:  education."", 'eduction v eduction v afdb sector: social.  afdb sub-sector: education.']"
357,1109,357_alliances_françaises_personnel_subvention,Fr-alliance-dev-employees,"['alliances', 'françaises', 'personnel', 'subvention', 't2', 'alliance', 'français', 'subventions', 'française', 'soutien']","['\nFr-alliance-dev-personnel', '', '', '', '', '', '', '', '', '']","['personnel des alliances françaises personnel des alliances françaises personnel des alliances françaises brésil', 'personnel des alliances françaises personnel des alliances françaises personnel des alliances françaises indonésie', 'personnel des alliances françaises personnel des alliances françaises personnel des alliances françaises zambie']"
358,592,358_type_511_flow_10,India Flow10 Financse,"['type', '511', 'flow', '10', 'finance', '24030', 'sector', '24020', '22040', '32110']","['\nIndia Flow10 Financse', '', '', '', '', '', '', '', '', '']","['india sector 12020 flow type 10 finance type 511 india sector 12020 flow type 10 finance type 511 india sector 12020 flow type 10 finance type 511', 'india sector 24030 flow type 10 finance type 511 india sector 24030 flow type 10 finance type 511 india sector 24030 flow type 10 finance type 511', 'india sector 21031 flow type 10 finance type 511 india sector 21031 flow type 10 finance type 511 india sector 21031 flow type 10 finance type 511']"
359,877,359_commune_canton_contribution_multisector,Multisector aid by Swiss communes,"['commune', 'canton', 'contribution', 'multisector', 'une', 'schweiz', 'ordination', 'aid', 'un', 'fâ']","['\nMultisector aid by Swiss communes', '', '', '', '', '', '', '', '', '']","[""contribution d'une commune (urdorf) multisector aid contribution d'une commune (urdorf)"", ""contribution d'une commune (vandoeuvres) multisector aid contribution d'une commune (vandoeuvres)"", ""contribution d'une commune (elgg) multisector aid contribution d'une commune (elgg)""]"
360,613,360_solomon_islands_ramsi_starting,Solomon Islands Dev Projts,"['solomon', 'islands', 'ramsi', 'starting', 'initiative', 'over', 'million', 'years', 'total', 'value']","['\nSolomon Islands Dev Projts', '', '', '', '', '', '', '', '', '']","['support for solomon islands writers support for solomon islands writers support for solomon islands writers', 'solomon islands - ads solomon islands - ads solomon islands - ads', 'solomon islands solomon islands solomon islands']"
361,739,361_thermal_power_plant_heating,Thermal Power Plants Constr.,"['thermal', 'power', 'plant', 'heating', 'station', 'thermique', 'fired', 'pipri', 'mw', 'coal']","['\nThermal Power Plants Constr.', '', '', '', '', '', '', '', '', '']","['sanhe thermal power plant project (i) sanhe thermal power plant project (i) sanhe thermal power plant constr.', 'simhadri thermal power station project (iii) simhadri thermal power station project (iii) to construct 1000mw coal-fired thermal power plant', 'jiangxi jiujiang thermal power plant project (i) jiangxi jiujiang thermal power plant project (i) jiangxi jiusiang thermal power plt.']"
362,611,362_placement_pvos_io_orientation,Reception & Plac. Inside US (Migrants/Refugees),"['placement', 'pvos', 'io', 'orientation', 'reception', 'migration', 'inside', 'united', 'states', 'primarily']","['\nReception & Plac. Inside US (PRM)', '', '', '', '', '', '', '', '', '']","['reception and placement (activities in u.s.) refugees in donor countries united states population migration and refugee assistance appropriation 1143.  provides cultural orientation processing transportation and initial placement to refugees inside the united states.  primarily carried out by the io for migration and us pvos. [domestic and foreign missionary society]', 'reception & placement (activities in u.s.) refugees in donor countries united states population migration and refugee assistance appropriation 1143.  provides cultural orientation processing transportation and initial placement to refugees inside the united states.  primarily carried out by the io for migration and us pvos. [hebrew immigrant aid society]', 'reception and placement (activities in u.s.) refugees in donor countries united states population migration and refugee assistance appropriation 1143.  provides cultural orientation processing transportation and initial placement to refugees inside the united states.  primarily carried out by the io for migration and us pvos. [hebrew immigrant aid society]']"
363,597,363_handicraft_cottage_handicrafts_industries,"Handicraft Dev't: Trad. Prod., Artisans, Mktg.","['handicraft', 'cottage', 'handicrafts', 'industries', 'handcraft', 'craft', 'marketing', 'nador', 'traditional', 'production']","[""\nHandicraft Dev't: Trad. Prod., Artisans, Mktg."", '', '', '', '', '', '', '', '', '']","['upgradation tibetan handicraft upgradation tibetan handicraft ', 'handicraft - local funds cottage industries & handicraft ', 'handicraft cottage industries & handicraft handicraft']"
364,1025,364_rehabilitation_water_supply_rehab,Water Supply Rehab Projects,"['rehabilitation', 'water', 'supply', 'rehab', 'sewerage', 'potable', 'eau', 'réhabilitation', 'sanitation', 'system']","['\nWater Supply Rehab Projects', '', '', '', '', '', '', '', '', '']","['lus water supply rehabilitation lus water supply rehabilitation ', 'rehabilitation of the water supply syste rehabilitation of the water supply syste ', 'sanierung der wasserversorgung jajce water supply rehabilitation ']"
365,644,365_lycée_ecole_français_aefe,International french schools,"['lycée', 'ecole', 'français', 'aefe', 'donneur', 'gouvernement', 'française', 'franco', 'collège', 'exupéry']","['\nFrnCstGovSubsMarocEcolesFR', '', '', '', '', '', '', '', '', '']","['ecole française champollion ecole française champollion aefe - ecole française champollion - zambie - gouvernement du donneur', 'ecole française ecole française aefe-ecole française-gouvernement du donneur', 'ecole française ecole française aefe-ecole française-népal-gouvernement du donneur']"
366,613,366_geothermal_olkaria_exploration_power,Geothermal Explr/Plants EAST AFRICA,"['geothermal', 'olkaria', 'exploration', 'power', 'energy', 'mw', 'géothermique', 'plant', 'geothermique', 'drilling']","['\nGeothermal Explr/Plants EAST AFRICA', '', '', '', '', '', '', '', '', '']","['lahendong geothermal power plant project geothermal energy ', 'support to the geothermal exploration program and improved power transmission in support to the geothermal exploration program and improved power transmission in support to the geothermal exploration program and improved power transmission in', 'ruhoi - geothermal power plant ruhoi - geothermal power plant geothermal resources exploration studies and associated project works in ruhoi in utele area - energy supply/power plant']"
367,581,367_eidhr_cbss_schemes_annual,EIDHR CBSS Action Prog,"['eidhr', 'cbss', 'schemes', 'annual', 'eoms', 'country', '2009', 'action', 'based', 'without']","['\nEIDHR CBSS Action Prog 2009-10', '', '', '', '', '', '', '', '', '']","['eidhr 2010 annual action programme - cbss (country based support schemes) eidhr 2010 annual action programme - cbss (country based support schemes) gleaner ads - cbss cfp 2011', 'eidhr 2009 annual action programme - cbss (country based support schemes) human rights x', 'eidhr 2010 annual action programme - cbss (country based support schemes) eidhr 2010 annual action programme - cbss (country based support schemes) a national conversation on human rights, governance and democracy']"
368,1748,368_endowment_democracy_grant_national,Endowment Democracy Youth Grants,"['endowment', 'democracy', 'grant', 'national', 'will', 'youth', 'organize', 'rights', 'organization', 'human']","['\nEndowment Democracy Youth Grants', '', '', '', '', '', '', '', '', '']","['national endowment for democracy grant to students for global democracy uganda national endowment for democracy grant to students for global democracy uganda to strengthen meaningful youth participation in the 2016 uganda election, the grantee will conduct voter education activities and organize debates in high schools and university campuses. the organization will encourage youth to engage in issue-based politics and take advantage of opportunities to hold their leaders accountable and influence public policies.', 'national endowment for democracy grant to congo peace network national endowment for democracy grant to congo peace network to strengthen the electoral knowledge of north kivus youth, prevent its political manipulation, and foster its participation in free, democratic, and transparent elections, the organization will hold a series of trainings in masisi, rutshuru, and walikale territories on civic duties and rights. the group will also strengthen the capacity of its youth clubs to conduct electoral awareness raising and mentor other youth throughout north kivu.', 'national endowment for democracy grant to national democratic institute national endowment for democracy grant to national democratic institute to improve citizens  understanding of democratic processes and human rights enhance civic engagement in southwestern uganda. nafodu will train community volunteers to provide civic education to their communities. the group will also air a one-hour monthly radio program on democracy and human rights.']"
369,3801,369_humanitarian_emergency_aid_congo,Humanitarian Aid DR Congo/CAR,"['humanitarian', 'emergency', 'aid', 'congo', 'humanitaire', 'assistance', 'republic', 'urgence', 'aide', 'ethiopia']","['\nHumanitarian Aid DR Congo/CAR', '', '', '', '', '', '', '', '', '']","['humanitarian aid humanitarian aid central african republic', 'humanitarian aid humanitarian aid democratic republic of congo', 'humanitarian aid democratic republic congo humanitarian aid democratic republic congo emergency assistance to internally displaced persons (idps)']"
370,836,370_koica_volunteers_male_female,Koica volunteers by gender and dispatch,"['koica', 'volunteers', 'male', 'female', 'dispatch', 'total', 'volunteer', 'new', 'philippines', 'paraguay']","['\nKoica volunteers by gender and dispatch', '', '', '', '', '', '', '', '', '']","['koica volunteers in ecuador for basic nutrition koica volunteers in ecuador for basic nutrition dispatch of koica volunteers in ecuador for basic nutrition.(total: 2, new: 1, male: 0, female: 2)', 'koica volunteers in ecuador for basic nutrition koica volunteers in ecuador for basic nutrition dispatch of koica volunteers in ecuador for basic nutrition(total: 1, new: 0 male: 0, female: 1)', 'koica volunteers in bolivia for rural development koica volunteers in bolivia for rural development dispatch of koica volunteers in bolivia for rural development(total number of volunteer : 1 new : 0 male : 0 female : 1)']"
371,571,371_cy19_cy20_project_cycloniques,Cyclones project,"['cy19', 'cy20', 'project', 'cycloniques', 'degats', '005fu', '181', '178', '264', '251']","['\nProjects 227, 137, 246, 3 (36-132)', '', '', '', '', '', '', '', '', '']","['cy20 project 246 cy20 project 246 cy20 project 246', 'cy20 project 137 cy20 project 137 cy20 project 137', 'cy19 project 3 cy19 project 3 cy19 project 3']"
372,563,372_redacted_added_inl_vat,Redacted VAT recs,"['redacted', 'added', 'inl', 'vat', 'taxes', 'receivables', 'information', 'refund', 'janitorial', 'gso']","['\n""Redacted VAT recs""', '', '', '', '', '', '', '', '', '']","['information redacted information redacted mex inl lori information redacted inldeparture tqmay15 june9 covers receivables established for refund of value added taxes (vat)', 'information redacted wireless information redacted wireless information redacted wireless covers receivables established for refund of value added taxes (vat)', 'pr10674091 accetapolsa flashlight for the information redacted pr10674091 accetapolsa flashlight for the information redacted pr10674091 accetapolsa flashlight for the information redacted covers receivables established for refund of value added taxes (vat)']"
373,1113,373_nigeria_corruption_accountability_nigerian,Nigerian Anti-corruption projects,"['nigeria', 'corruption', 'accountability', 'nigerian', 'award', 'investigative', 'anti', 'transparency', 'journalism', 'galvanize']","['\nNig. Anti-corr., acct., youth, comm. Action', '', '', '', '', '', '', '', '', '']","[""to promote youth involvement in anti-corruption and accountability in nigeria. to promote youth involvement in anti-corruption and accountability in nigeria. programme: on nigeria. description: to promote youth involvement in anti-corruption and accountability in nigeria.. established in 2007, the yiaga africa initiative (yiaga africa) is a nigerian nonprofit committed to the promotion of democratic governance, human rights, and civic engagement. the previous award to yiaga africa led to the establishment of a network of radio ambassadors whose shows have galvanized young voices for anti-corruption and accountability across nigeria. it supported anti-corruption debates in more than fourteen universities, creating networks of undergraduates actively involved in anti-corruption discourse in the university system and outside. this award enables yiaga africa to consolidate these two crucial achievements by strengthening coordination of the radio ambassadors' work, scaling up the campus debates to promote a culture of participation, transparency, and accountability, and strengthening its organization to enhance effective and efficient delivery of program outcomes. yiaga africa is collaborating with other foundation grantees to implement the project. this award contributes to on nigeria's goal of reducing corruption by supporting nigerian-led efforts that strengthen accountability, transparency, and participation."", ""to promote youth involvement in anti-corruption and accountability in nigeria. to promote youth involvement in anti-corruption and accountability in nigeria. programme: on nigeria. description: to promote youth involvement in anti-corruption and accountability in nigeria.. the youth initiative for advocacy, growth and advancement (yiaga) is a nigerian nonprofit dedicated to youth empowerment and mobilization for political participation, transparency, and accountability. this award enables yiaga to deepen ownership of the fight against corruption and engage nigerian youth in anti-corruption conversations and organizing. yiaga is working with its (youth) media ambassadors to amplify the reach of investigative reporting by the foundation's media and journalism awardees. it is educating, organizing, and collaborating with youth associations and groups to demand accountability and track, report, and campaign for resolution on new and old corruption cases. the project contributes to a new atmosphere of accountability, transparency, and good governance in nigeria."", ""to promote and galvanize community action for anti-corruption and accountability in nigeria. to promote and galvanize community action for anti-corruption and accountability in nigeria. programme: on nigeria. description: to promote and galvanize community action for anti-corruption and accountability in nigeria.. founded in 2012, the centre for transparency advocacy (cta) is a nonprofit organization that mobilizes nigerians to embrace people-driven, nonviolent campaigns and protests against impunity and bad governance. its say no campaign emerged in 2013 as a major civil society intervention against corruption and impunity. the previous support to cta led to the establishment of a network of organized grassroots movements focused on community development and demanding accountability from public officials. with this final award, cta is enhancing its institutional strength and working with community members to demand accountability from local and community authorities. cta amplifies investigative reports by the media and journalism cohort and mobilizes citizens to track constituency projects and understand and engage with corruption and its impact on their daily lives. the project uses radio programs, social media, and anti-corruption champions to engage communities. cta is collaborating with other foundation grantees to implement the project and will leave communities better able to continue demanding accountability. this award contributes to on nigeria's goal of reducing corruption by supporting nigerian-led efforts that strengthen accountability, transparency, and participation""]"
374,554,374_labor_democracy_bureau_eb,Democracy HR Lab State NGOs,"['labor', 'democracy', 'bureau', 'eb', 'human', 'rights', 'department', 'state', 'business', 'surcharge']","['\nDemocracy HR Lab State NGOs', '', '', '', '', '', '', '', '', '']","['bureau of democracy, human rights, and labor - implementation of u.n. human rights council resolu bureau of democracy, human rights, and labor - implementation of u.n. human rights council resolu u.s. department of state: bureau of democracy, human rights, and labor. [covers miscellaneous contractual services not otherwise classified.]', ""bureau of democracy, human rights, and labor - doi-evaulation contract bureau of democracy, human rights, and labor - doi-evaulation contract u.s. department of state: bureau of democracy, human rights, and labor. provides drl/gp with access to the department's new evaluation contract mechanism."", 'bureau of democracy, human rights, and labor - synergizing nonviolent action & peacebldg snap bureau of democracy, human rights, and labor - synergizing nonviolent action & peacebldg snap u.s. department of state: bureau of democracy, human rights, and labor. [covers miscellaneous contractual services not otherwise classified.]']"
375,615,375_cocoa_cacao_chocolate_production,Organic Fair Trade Cocoa Value Chain Ghana,"['cocoa', 'cacao', 'chocolate', 'production', 'chain', 'ghana', 'farmers', 'producers', 'aroma', 'productores']","['\nOrganic Fair Trade Cocoa Value Chain Ghana', '', '', '', '', '', '', '', '', '']","['aufstockung organic cocoa ghana yayra glover aufstockung organic cocoa ghana yayra glover pakka: organic ft, cocoa in ghana i. the project will enable a significant and growing number of farmers in three cocoa districts of ghana to improve their livelihoods in a sustainable way by adopting organic and fair-trade standards for cocoa production and by selling their produce via traceable value chains to market players in the swiss chocolate sector. until 2014 the project plans to cover 7000 farming households that are sustainably cultivating almost 17000 hectares of cocoa plantations within an agro forestry system. main activities will be 1) the systematic institutionalization of existing (informal) farmers groups in order to develop them into reliable negotiation and contract partners within the value chain, 2) the support of certification processes of farmer groups according to organic and fair trade standards and corresponding capacity building for involved value chain actors, 3) innovations and trainings for upgrading the quality of post-harvest processing (fermentation, drying, etc.), packaging and traceability and 4) the promotion and establishment of small and medium-sized enterprises (smes) that act as service providers to the farmers in order to rejuvenate plantations and maintain soil fertility.', 'value chain organic and fair trade cocoa value chain organic and fair trade cocoa the project will enable a significant and growing number of farmers in three cocoa districts of ghana to improve their livelihoods in a sustainable way by adopting organic and fair-trade standards for cocoa production and by selling their produce via traceable value chains to market players in the swiss chocolate sector. until 2014 the project plans to cover 7 000 farming households that are sustainably cultivating almost 17 000 hectares of cocoa plantations within an agro forestry system. main activities will be 1) the systematic institutionalization of existing (informal) farmers groups in order to develop them into reliable negotiation and contract partners within the value chain, 2) the support of certification processes of farmer groups according to organic and fair trade standards and corresponding capacity building for involved value chain actors, 3) innovations and trainings for upgrading the quality of post-harvest processing (fermentation, drying, etc.), packaging and traceability and 4) the promotion and establishment of small and medium-sized enterprises (smes) that act as service providers to the farmers in order to rejuvenate plantations and maintain soil fertility.', ""value chain organic and fair trade cocoa value chain organic and fair trade cocoa the project will enable a significant and growing number of farmers in three cocoa districts of ghana to improve their livelihoods in a sustainable way by adopting organic and fair-trade standards for cocoa production and by selling their produce via traceable value chains to market players in the swiss chocolate sector. until 2014 the project plans to cover 7'000 farming households that are sustainably cultivating almost 17'000 hectares of cocoa plantations within an agro forestry system. main activities will be 1) the systematic institutionalization of existing (informal) farmers groups in order to develop them into reliable negotiation and contract partners within the value chain, 2) the support of certification processes of farmer groups according to organic and fair trade standards and corresponding capacity building for involved value chain actors, 3) innovations and trainings for upgrading the quality of post-harvest processing (fermentation, drying, etc.), packaging and traceability and 4) the promotion and establishment of smes that act as service providers to the farmers in order to rejuvenate plantations and maintain soil fertility.""]"
376,726,376_armed_soldiers_children_child,Children Armed Conflict,"['armed', 'soldiers', 'children', 'child', 'conflict', 'watchlist', 'enfants', 'van', 'armés', 'reintegration']","['\nChildren Armed Conflict', '', '', '', '', '', '', '', '', '']","['s109 children in armed conflict children in armed conflict ', 'children in armed conflict children in armed conflict ', 'children in armed  conflict (caac) children in armed  conflict (caac) children in armed  conflict (caac)']"
377,574,377_véhicules_fourniture_4x4_vehicles,Vehicles procurement,"['véhicules', 'fourniture', '4x4', 'vehicles', 'vehicules', 'pick', 'wagon', 'cars', 'vehicle', 'véhicule']","['\nVehicles procurement', '', '', '', '', '', '', '', '', '']","['fourniture de deux (2) vehicules type station wagon fourniture de deux (2) vehicules type station wagon reference : fourniture de deux (2) vehicules type station wagon', ""fourniture d'un véhicule berline fourniture d'un véhicule berline reference : fed/2009/216-526-fourniture d'un véhicule berline"", 'fourniture de véhicules pour le mtptc fourniture de véhicules pour le mtptc fourniture de véhicules pour le mtptc']"
378,1027,378_institut_français_domaine_culture,Inst. Fr. Cult. Actions,"['institut', 'français', 'domaine', 'culture', 'culturelles', 'subvention', 'dans', 'p185', 'actions', 'accompagnent']","['\nInst. Fr. Cult. Actions', '', '', '', '', '', '', '', '', '']","['actions dans le domaine de la culture (institut français) actions dans le domaine de la culture (institut français) institut français - malaisie', 'actions dans le domaine de la culture (institut français) actions dans le domaine de la culture (institut français) institut français-   algerie', 'actions dans le domaine de la culture (institut français) actions dans le domaine de la culture (institut français) institut français-   bresil']"
379,730,379_moldova_republic_moldovan_eu,Cooperation with moldova,"['moldova', 'republic', 'moldovan', 'eu', 'mo', 'the', 'rozwoju', 'of', 'dcfta', 'dawii']","['\nMoldova Implementation', '', '', '', '', '', '', '', '', '']","['strengthening the cooperation between moldova and the eu strengthening the cooperation between moldova and the eu strengthening the cooperation between moldova and the eu', 'moldova moldova support to moldova/ukraine crisis', 'implementation of eurocodes in repulic of moldova implementation of eurocodes in republic of moldova implementation of eurocodes in repulic of moldova']"
380,540,380_hemisphere_wha_western_unspecified,WHA Multi-Sect ESF,"['hemisphere', 'wha', 'western', 'unspecified', 'department', 'affairs', 'bureau', 'multi', 'state', 'sector']","['\nWHA Multi-Sect ESF', '', '', '', '', '', '', '', '', '']","['u.s. department of state, bureau of western hemisphere affairs\xa0(wha) - multi-sector - unspecified: pms in201711820170427000000 u.s. department of state, bureau of western hemisphere affairs\xa0(wha) - multi-sector - unspecified: pms in201711820170427000000 u.s. department of state, bureau of western hemisphere affairs\xa0(wha) - multi-sector - unspecified: pms in201711820170427000000 - economic support fund', 'u.s. department of state, bureau of western hemisphere affairs\xa0(wha) - multi-sector - unspecified: pms in20172520170124000000 u.s. department of state, bureau of western hemisphere affairs\xa0(wha) - multi-sector - unspecified: pms in20172520170124000000 u.s. department of state, bureau of western hemisphere affairs\xa0(wha) - multi-sector - unspecified: pms in20172520170124000000 - economic support fund', 'u.s. department of state, bureau of western hemisphere affairs\xa0(wha) - multi-sector - unspecified: pms in201726120170915000000 u.s. department of state, bureau of western hemisphere affairs\xa0(wha) - multi-sector - unspecified: pms in201726120170915000000 u.s. department of state, bureau of western hemisphere affairs\xa0(wha) - multi-sector - unspecified: pms in201726120170915000000 - economic support fund']"
381,1703,381_fonds_financement_etudes_projets,Study Funds Project Prep Financing,"['fonds', 'financement', 'etudes', 'projets', 'fund', 'funding', 'fepp', 'preparation', 'financing', 'funds']","['\nStudy Funds Project Prep Financing', '', '', '', '', '', '', '', '', '']","[""fonds etudes et preparation de projets 5 fonds etudes et preparation de projets 5 fonds d'etudes et de préparation de projets n°5"", ""financement fonds etudes & preparation financement fonds etudes & preparation fonds d'etudes et de préparation de projets n°6"", ' financement fonds etudes & projets ']"
382,794,382_mdgs_mdg_frameworks_evaluate,MDG monitoring & eval (enhanced natl/loc capac),"['mdgs', 'mdg', 'frameworks', 'evaluate', 'monitor', 'report', 'priorities', 'enhanced', 'national', 'capacities']","['\nMDG monitoring & eval (enhanced natl/loc capac)', '', '', '', '', '', '', '', '', '']","['mdg coordination and implement economic and development policy/planning enhanced national and local capacities to plan, monitor, report and evaluate the mdgs and related national development priorities, including within resource frameworks', ""mdg oper'ng innationalpolicies economic and development policy/planning enhanced national and local capacities to plan, monitor, report and evaluate the mdgs and related national development priorities, including within resource frameworks"", 'mdg monitoring - crprid economic and development policy/planning enhanced national and local capacities to plan, monitor, report and evaluate the mdgs and related national development priorities, including within resource frameworks']"
383,994,383_serv_soc_multisector_basic,Multisector Aid for Basic Soc. Serv.,"['serv', 'soc', 'multisector', 'basic', 'aid', 'pvd', 'bg', 'instit', 'provincies', 'essential']","['\nMultisector Aid for Basic Soc. Serv.', '', '', '', '', '', '', '', '', '']","['insieme… io posso multisector aid for basic soc. serv. ', 'ostafrika sachverstaendige multisector aid for basic soc. serv. ', 'aktionsprogramm welternã„hrung multisector aid for basic soc. serv. ']"
384,884,384_cultural_cultura_culture_spain,Spain cultural centers cooperation,"['cultural', 'cultura', 'culture', 'spain', 'iberoamerica', 'cooperacion', 'españa', 'acerca', '2014', 'cce']","['\nSpain cultural centers cooperation 2013-19', '', '', '', '', '', '', '', '', '']","['guatemala 2013, culture, cultural cooperation, cultural centre guatemala 2013, culture, cultural cooperation, cultural centre guatemala 2013 cultura cooperación cultural centro cultural', 'guatemala 2019 culture cultural center of spain hispanic culture in guatemala guatemala 2019 culture cultural center of spain hispanic culture in guatemala subvención de concesión directa al centro cultural de españa. cultura hispánica de guatemala. la cooperación cultural se lleva a cab o a través de los cce mediante programas, proyectos y actividades enmarcados en las 3 líneas principales en las que centran su traba jo y que son: cultura como elemento de desarrollo, cooperación cultural y cultura como elemento de proyección exterior.', 'el salvador 2013 culture, cultural cooperation, cultural centre el salvador 2013 culture, cultural cooperation, cultural centre el salvador 2013 cultura cooperacion cultural centro cultural']"
385,543,385_desertification_combat_desert_unccd,Combat Desertif Convention,"['desertification', 'combat', 'desert', 'unccd', 'convention', 'désertification', 'deserts', 'lutte', 'contre', 'desertificazione']","['\nCombat Desertif Convention', '', '', '', '', '', '', '', '', '']","['un convention to combat desertification un convention to combat desertification ', 'unterstãœtzung bei der umsetzung der klimakonvention convention to combat desertification ', 'unterstãœzung bei der umsetzung der wãœstenkonvention convention to combat desertification ']"
386,754,386_canada_fund_100_fcil,"Canada Fund projects, term results, small dev't","['canada', 'fund', '100', 'fcil', 'expected', 'fonds', 'themes', 'sectors', '99', 'projects']","[""\nCanada Fund projects, term results, small dev't"", '', '', '', '', '', '', '', '', '']","['canada fund - croatia canada fund - croatia additional sectors: 012000 (30%), 015000 (20%), 011000 (10%)  expected impact / long-term results: canada fund  expected outcomes / medium-term results: canada fund   expected outputs / short-term results: canada fund', 'canada fund kazakstan canada fund: industry ', 'canada fund - yugoslavia(fry) canada fund - yugoslavia(fry) additional sectors: 021000 (30%), 011000 (15%), 015000 (15%)  expected impact / long-term results: canada fund - yugoslavia (fry)  expected outcomes / medium-term results: canada fund - yugoslavia (fry)  expected outputs / short-term results: canada fund - yugoslavia (fry)']"
387,529,387_pops_stockholm_persistent_pollutants,Persistent ORGANs Stockholm CONVENTION impl. Plan ENABLING,"['pops', 'stockholm', 'persistent', 'pollutants', 'sound', 'organic', 'convention', 'pcbs', 'pcb', 'environmentally']","['\nPersistent ORGANs Stockholm CONVENTION impl. Plan ENABLING', '', '', '', '', '', '', '', '', '']","['enabling activities to review and update the national implementation plan for the stockholm convention on persistent organic pollutants (pops) enabling activities to review and update the national implementation plan for the stockholm convention on persistent organic pollutants (pops) ', 'enabling activities for the stockholm convention on persistent organic pollutants (pops): national implementation plan for uganda enabling activities for the stockholm convention on persistent organic pollutants (pops): national implementation plan for uganda ', 'enabling activities for the stockholm convention on persistent organic pollutants (pops): national implementation plan for kenya enabling activities for the stockholm convention on persistent organic pollutants (pops): national implementation plan for kenya ']"
388,1103,388_narcotics_enforcement_law_affairs,Law Enf. Phone Costs (INTL Affairs),"['narcotics', 'enforcement', 'law', 'affairs', 'bureau', 'inl', 'phone', 'covers', 'international', 'fts']","['\nLaw Enf. Phone Costs (INTL Affairs)', '', '', '', '', '', '', '', '', '']","['bureau of international narcotics and law enforcement affairs - fy22 - cellphone svcs for cbp tdys bureau of international narcotics and law enforcement affairs - fy22 - cellphone svcs for cbp tdys u.s. department of state: bureau of international narcotics and law enforcement affairs. fy22-cellphone svcs for cbp tdys.[covers the costs for local and long distance calls based on a rate- per- call basis or on the number of minutes of use under the fts system.]', 'bureau of international narcotics and law enforcement affairs - inl - fy21 cellphones bureau of international narcotics and law enforcement affairs - inl - fy21 cellphones u.s. department of state: bureau of international narcotics and law enforcement affairs. inl - fy21 cellphones[covers the costs for local and long distance calls based on a rate- per- call basis or on the number of minutes of use under the fts system.]', 'bureau of international narcotics and law enforcement affairs - callingcardsteleconferencelines(2)at&t bureau of international narcotics and law enforcement affairs - callingcardsteleconferencelines(2)at&t u.s. department of state: bureau of international narcotics and law enforcement affairs. callingcardsteleconferencelines(2)at&t<>[covers the costs for local and long distance calls based on a rate- per- call basis or on the number of minutes of use under the fts system.]']"
389,740,389_final_evaluation_finale_mid,"Evaluations: mid-term, final, review","['final', 'evaluation', 'finale', 'mid', 'term', 'review', 'evaluación', 'end', 'programme', 'évaluation']","['\nEvaluations: mid-term, final, review', '', '', '', '', '', '', '', '', '']","['mid-term evaluation of tram project mid-term evaluation of tram project to conduct mid-term evaluation of tram project and produce evaluation report.', 'final evaluation of prp iii and mid term evaluation of prp iv final evaluation of prp iii and mid term evaluation of prp iv final evaluation of prp iii and mid term evaluation of prp iv', 'mid term evaluation of decision enpi/2012/023399 mid term evaluation of decision enpi/2012/023399 according to the financial agreement of this programme an evaluation should be undertaken. this contract corresponds to the mid-term evaluation. a final evaluation will be carried out once the intervention is finalised.']"
390,543,390_republican_iri_institute_endowment,Endowment Democracy Grants for Political Parties,"['republican', 'iri', 'institute', 'endowment', 'democracy', 'grant', 'political', 'parties', 'national', 'party']","['\nEndowment Democracy Grants for Political Parties', '', '', '', '', '', '', '', '', '']","['national endowment for democracy grant to international republican institute national endowment for democracy grant to international republican institute to promote competitiveness among political parties, particularly at the local government level, through the use of public opinion research, increased organizational effectiveness and youth outreach.', 'national endowment for democracy grant to international republican institute national endowment for democracy grant to international republican institute program management', 'national endowment for democracy grant to international republican institute national endowment for democracy grant to international republican institute program development']"
391,526,391_cotton_organic_coton_ginning,Organic cotton dev't for farmer poverty alleviation,"['cotton', 'organic', 'coton', 'ginning', 'farmers', 'production', 'trade', 'lint', 'chain', 'sustainable']","[""\nOrganic cotton dev't for farmer poverty alleviation"", '', '', '', '', '', '', '', '', '']","['organic cotton program organic cotton program this consolidation phase continues to aim at alleviating poverty of small and medium sized cotton farmers through the development of certified organic and fair trade cotton value chains for the international market. the focus will be on assuring the economic and institutional viability of the program. this shall be achieved by improving the market orientation of the organic value chain development, by strengthening portfolio and business management of the partner institutions, and by shaping a conducive environment for the development of the organic sector. the organic and fair trade cotton market is a rapidly growing niche market. excess demand on the global organic cotton market gives developing countries opportunities to access international markets.', 'trade promotion for organic cotton phase ii trade promotion for organic cotton phase ii trade with organic and fairtrade cotton in kyrgyzstan phase ii  the overall objective of the project phase ii (2007 - 2010)  organic cotton production and trade promotion in kyrgyzstan   is: to promote organic farming in central asia, and trade of organic cotton and other organic products on the international and domestic markets, allowing a growing number of interested farmers to make their living. the specific objective of phase ii is to support and facilitate the trade of a sizable volume of certified organic and fair trade cotton and other organic products for the international and domestic markets through the establishment of a sustainable local structure which actively promotes the value chain of organic cotton.  the project consists of four expected results: 1) a local structure assuming the project functions is established and operational, 2) production support services for organic farmers are provided, 3) processing and marketing of organic cotton is managed, and 4) organic farming is promoted. the project is implemented by helvetas swiss intercooperation, jointly with the local stakeholders of the organic cotton sector in kyrgyzstan.', 'trade promotion for organic cotton phase ii trade promotion for organic cotton phase ii the overall objective of the project phase ii (2007 - 2010)  organic cotton production and trade promotion in kyrgyzstan   is: to promote organic farming in central asia, and trade of organic cotton and other organic products on the international and domestic markets, allowing a growing number of interested farmers to make their living. the specific objective of phase ii is to support and facilitate the trade of a sizable volume of certified organic and fair trade cotton and other organic products for the international and domestic markets through the establishment of a sustainable local structure which actively promotes the value chain of organic cotton. the project consists of four expected results: 1) a local structure assuming the project functions is stablished and operational, 2) production support services for organic farmers are provided, 3) processing and marketing of organic cotton is managed, and 4) organic farming is promoted. the project is implemented by helvetas swiss intercooperation, jointly with the local stakeholders of the organic cotton sector in kyrgyzstan.']"
392,1853,392_freight_total_metric_tons,USaid Title II Food Aid Freight,"['freight', 'total', 'metric', 'tons', 'vegetable', 'title', 'oil', 'usaid', 'liters', 'peas']","['\nUSaid Title II Food Aid Freight', '', '', '', '', '', '', '', '', '']","['total freight for  bulgur / metric tons: 15450. total freight for  bulgur usaid title ii food aid.  other emergency', 'total freight for beans, pinto / metric tons: 1410. total freight for beans usaid title ii food aid. other emergency', 'total freight for  beans, pinto / metric tons: 940. total freight for  beans, pinto usaid title ii food aid.  other emergency']"
393,2017,393_emergency_food_aid_alimentaire,Emergency food aid,"['emergency', 'food', 'aid', 'alimentaire', 'aide', 'bud', 'wfp', 'echo', 'urgence', 'assistance']","['\nEmergency food aid', '', '', '', '', '', '', '', '', '']","['nm-nothilfe simbabwe emergency food aid ', ' emergency food aid nahrungsmittelhilfe für wirbelsturmopfer', 'emergency omovalley emergency food aid ']"
394,1019,394_palestinian_women_palestine_palestina,Palestinian Women Empowerment,"['palestinian', 'women', 'palestine', 'palestina', 'mujeres', 'gaza', 'palestinas', 'gender', 'empowerment', 'las']","['\nPalestinian Women Empowerment', '', '', '', '', '', '', '', '', '']","['proyecto de mujeres palestinas project of palestinian women proyecto de mujeres palestinas', 'palestine - palestinian women palestinian women ', ""support to palestinian women's support to palestinian women ""]"
395,1266,395_endowment_democracy_grant_national,Endowment Democacy Grants NICARAGUA,"['endowment', 'democracy', 'grant', 'national', 'will', 'democratic', 'fundacion', 'cuban', 'citizen', 'promote']","['\nEndowment Democacy Grants NICARAGUA', '', '', '', '', '', '', '', '', '']","['national endowment for democracy grant to asociacion hagamos democracia national endowment for democracy grant to asociacion hagamos democracia to promote transparency and accountability in the nicaraguan national assembly and identify challenges and opportunities for democracy in nicaragua. the grantee will produce two publications highlighting issues being discussed in the national assembly and trends in democratic governance. the organization will coordinate a network of citizen reporters to report on human rights and democracy issues. it will also conduct a series of events to promote interaction among various political and civic actors and develop a joint civil society strategy.', 'national endowment for democracy grant to fundacion iberoamericana de las culturas national endowment for democracy grant to fundacion iberoamericana de las culturas to widen and strengthen movimiento por nicaraguas territorial coverage. fibras will expand its network of local chapters throughout nicaragua, as well as build alliances with like-minded civil society organizations in an effort to raise awareness on the importance of much-needed electoral reforms. fibras will conduct eight democracy forums in four nicaraguan cities and carry out three workshops on civic education. this year, fibras will produce48 radio programs addressing issues related to democracy in nicaragua.', ""national endowment for democracy grant to unspecified ngo national endowment for democracy grant to unspecified ngo to strengthen the capacity of nicaraguan pro-democracy activists to forge a common civil society strategy to defend democracy in the country. a group of women's and youth organizations will convene a series of forums with various social movements to discuss the state of democracy and governance in nicaragua.""]"
396,538,396_solidarity_center_sc_unions,national endowment for democracy grant,"['solidarity', 'center', 'sc', 'unions', 'endowment', 'labor', 'democracy', 'worker', 'workers', 'grant']","['\nSolidarity Ctr, union dem, labor grants', '', '', '', '', '', '', '', '', '']","['national endowment for democracy grant to solidarity center (sc) national endowment for democracy grant to solidarity center (sc) to promote democracy in the democratic republic of congo through trade union strengthening, union democratization, and worker rights, the solidarity center (sc) will assist trade unions to become stronger advocates for democratic and worker  rights. it will also organize a series of meetings to plan ways trade unions can contribute to the electoral process.', 'national endowment for democracy grant to solidarity center national endowment for democracy grant to solidarity center to enhance the rule of law and promote fundamental human and worker rights in asia. the solidarity center (sc) will collaborate with partners to build the capacity of workers, legal practitioners, labor scholars and activists to promote labor law reforms and defend the rights of workers in the region.', 'national endowment for democracy grant to american center for international labor solidarity (sc) national endowment for democracy grant to american center for international labor solidarity (sc) to promote independent, democratic trade unions in mexico, the solidarity center will continue to build the organizing capacity of unions in the communications industry. the solidarity center will also support independent union organizing in the mining, metal and auto parts industries while assisting unions to develop capacity for democratic decision-making through internal organizing and collective bargaining. finally, the solidarity center will support efforts to strengthen rule of law through the use of both domestic and international mechanisms to defend worker rights.']"
397,734,397_mekong_mrc_river_delta,Mekong MRC river management,"['mekong', 'mrc', 'river', 'delta', 'water', 'commission', 'technologies', 'viwat', 'basin', 'lower']","['\nMekong MRC river management', '', '', '', '', '', '', '', '', '']","['programme support to mrc mekong river commission support ', 'mekong basin wetlands mekong river management ', 'mekong river commission (mrc) mekong river commission (mrc) ']"
398,581,398_wheat_commodity_metric_tons,"Hard red winter wheat, Title II food aid, bulk tons, monetization","['wheat', 'commodity', 'metric', 'tons', 'value', 'winter', 'hard', 'bulk', 'flour', 'emerson']","['\nHard red winter wheat, Title II food aid, bulk tons, monetization', '', '', '', '', '', '', '', '', '']","['commodity value for wheat, hard red winter bulk / metric tons: 3510. commodity value for wheat usaid title ii food aid. monetization of food aid.', 'commodity value for wheat, hard red winter bulk / metric tons: 2410. commodity value for wheat usaid title ii food aid. monetization of food aid.', 'commodity value for wheat, hard red winter bulk / metric tons: 3300. commodity value for wheat usaid title ii food aid. monetization of food aid.']"
399,807,399_jordan_jordanie_jordanian_jordanians,"Jordan dev projects: reform, economy, LED, Amman","['jordan', 'jordanie', 'jordanian', 'jordanians', 'reform', 'ministry', 'economic', 'support', 'éducation', 'eu']","['\nJordan dev projects: reform, economy, LED, Amman', '', '', '', '', '', '', '', '', '']","['annual support for jordan university in jordan annual support for jordan university in jordan annual support for jordan university in jordan', 'jordan mel support jordan mel support jordan monitoring, evaluation and learning (mel) contract', 'support to penitentiary reform in jordan support to penitentiary reform in jordan support to penitentiary reform in jordan']"
400,704,400_inland_freight_title_usaid,USaid II Food Aid Inland Freight CO,"['inland', 'freight', 'title', 'usaid', 'co', 'ii', 'food', 'aid', 'metric', 'tons']","['\nUSaid II Food Aid Inland Freight CO', '', '', '', '', '', '', '', '', '']","['inland freight co of usaid title ii food aid for ocfi inland freight co of usaid title ii food aid for ocfi usaid title ii food aid for ocfi through catholic relief services.  inland freight co of bulgur / approximate number of people fed: 4 / metric tons: 168.', 'inland freight co of usaid title ii food aid for ocfi inland freight co of usaid title ii food aid for ocfi usaid title ii food aid for ocfi through catholic relief services.  inland freight co of s.f.bulgur / metric tons: 1.', 'inland freight co of usaid title ii food aid for inland freight co of usaid title ii food aid for usaid title ii food aid for   through catholic relief services.  inland freight co of s.f.bulgur / metric tons: 201.']"
401,932,401_ngo_syndicale_appui_nationale,Support NGOs (natl),"['ngo', 'syndicale', 'appui', 'nationale', 'clat', 'wva', 'batu', 'national', 'organisation', 'ordonnateur']","['\nSupport NGOs (natl)', '', '', '', '', '', '', '', '', '']","[""ami support to national ngo's ami"", ""prospectie uitwerking begeleiding op support to national ngo's "", ""apoiar support to national ngo's ""]"
402,882,402_water_jordan_eau_resources,"integrated water resource management (Jordan, Palestine, Israel)","['water', 'jordan', 'eau', 'resources', 'iwrm', 'isr', 'miyahuna', 'israel', 'wastewater', 'resource']","['\nJordan IWRM Water Resources Management ISR PLA Smart Sustainable Innovative Technologies', '', '', '', '', '', '', '', '', '']","['integrated water resource management integrated water resource management collaborative project - iwrm, israel (isr), jordan (jor), palestine (pla) -integrated water resources management in the lower jordan rift valley -smart- sustainable management of available water resources with innovative technologies - project phase 2 - sub-project 7 -decentralized wastewater treatment with sbr technology - viable technologies to protect resources (water, iwrm, land, forests, settlements) and eco-technologies in the developing country', 'integrated water resource management integrated water resource management collaborative project - iwrm, israel (isr), jordan (jor), palestine (pla) - integrated water resources management in the lower jordan rift valley - smart- sustainable management of available water resources with innovative technologies - project phase 2 - sub-project 9 - membrane pilot plant for brackish water treatment', 'integrated water resource management integrated water resource management collaborative project - iwrm, israel (isr), jordan (jor), palestine (pla) - integrated water resources management in the lower jordan rift valley - smart- sustainable management of available water resources with innovative technologies - project phase 2 - sub-project 7 - decentralized wastewater treatment with sbr technology']"
403,671,403_supérieur_recherche_p185_bourses,Research & Higher Ed Grants (P185),"['supérieur', 'recherche', 'p185', 'bourses', 'enseignement', 'études', 'universitaire', 'bourse', 'et', 'partenaires']","['\nResearch & Higher Ed Grants (P185)', '', '', '', '', '', '', '', '', '']","['p185 - enseignement supérieur et recherche - bourses études - mexfitec p185 - enseignement supérieur et recherche - bourses études - mexfitec p185 - enseignement supérieur et recherche - bourses études - mexfitec - programme bilatéral de coopération pour la  formation des ingénieurs', 'p185 - enseignement supérieur et recherche - bourses études - séjours scientifiques p185 - enseignement supérieur et recherche - bourses études - séjours scientifiques p185 - enseignement supérieur et recherche - bourses études - séjours scientifiques - séjours scientifiques', ""p185 - enseignement supérieur et recherche - bourses études - thèse de doctorat à l'upmc p185 - enseignement supérieur et recherche - bourses études - thèse de doctorat à l'upmc p185 - enseignement supérieur et recherche - bourses études - thèse de doctorat à l'upmc - 1""]"
404,1014,404_good_governance_gouvernance_bonne,Good Gov'ce Effectiveness,"['good', 'governance', 'gouvernance', 'bonne', 'administration', 'efficacité', 'ggpas', 'foundations', 'effectiveness', 'appui']","[""\nGood Gov'ce Effectiveness"", '', '', '', '', '', '', '', '', '']","['blokallocatie good governance good governance ', 'good governance good governance good governance', 'mng. good governance           mng. good  governance mng. good governance           mng. good  governance ']"
405,576,405_feasibility_study_investigation_studies,Feasibility Studies,"['feasibility', 'study', 'investigation', 'studies', 'follow', 'firm', 'backbone', 'up', 'inc', 'company']","['\nFeasibility Studies', '', '', '', '', '', '', '', '', '']","['r&d - feasibility study r&d feasibility study ', 'los toros feasibility study los toros feasibility study ', 'feasibility study feasibility study feasibility study']"
406,889,406_grants_small_grassroots_scheme,Small Grants GF6thPh,"['grants', 'small', 'grassroots', 'scheme', 'gef', 'grant', 'operational', 'seventh', 'projects', 'sgp']","['\nSmall Grants GF6thPh\n', '', '', '', '', '', '', '', '', '']","['small grants small grants small grants', 'sgp - small grants programme sgp - small grants programme sixth operational phase of the gef small grants programme in egypt.this is the typical small grants programme implemented through ngos.', 'sgp - small grants programme sgp - small grants programme devoutcome1, output1.4 - sixth operational phase of the gef small grants programme in egypt.this is the typical small grants programme implemented through ngos.']"
